title,release_date,runtime,budget,revenue,rating,votes,popularity,language,genres
Bureau 749,2024-10-01,123,0,51706251,5.472,36,487.6284,zh,"Action, Adventure, Science Fiction"
The Shadow's Edge,2025-08-16,142,0,702538,6.3,118,431.4694,zh,"Action, Crime, Thriller"
The Family Plan 2,2025-11-11,106,0,0,6.821,196,374.809,en,"Action, Comedy"
Zootopia 2,2025-11-26,107,180000000,81100000,7.6,69,372.412,en,"Animation, Family, Comedy, Adventure, Mystery"
Altered,2025-09-18,85,15000000,0,6.571,35,336.331,en,"Science Fiction, Action"
Frankenstein,2025-10-17,150,120000000,480678,7.77,1905,226.6417,en,"Drama, Horror, Fantasy"
Wicked: For Good,2025-11-19,137,150000000,253477920,6.79,274,230.2695,en,"Fantasy, Adventure, Romance"
She Rides Shotgun,2025-07-31,120,0,23443,6.919,69,196.4025,en,"Action, Thriller, Crime"
One Battle After Another,2025-09-23,162,130000000,201175005,7.5,1667,180.143,en,"Action, Thriller, Crime"
A Legend,2024-07-05,129,0,11242056,6.769,104,173.4018,zh,"Action, Adventure, Fantasy"
The Gentleman,2025-09-26,89,0,0,6.1,11,140.9133,es,"Action, Crime, Thriller"
Art of Eight Limbs,2024-08-16,101,0,0,6.019,27,169.796,en,"Action, Thriller"
Predator: Badlands,2025-11-05,107,105000000,160221424,7.439,465,165.0016,en,"Action, Science Fiction, Adventure"
JUJUTSU KAISEN: Execution -Shibuya Incident x The Culling Game Begins-,2025-11-07,88,0,0,4.526,38,159.6593,ja,"Animation, Action"
War of the Worlds,2025-07-29,91,0,0,4.303,755,159.5607,en,"Science Fiction, Thriller"
High Ground,2025-03-17,92,0,0,5.79,31,160.5368,en,"Thriller, Crime, Action"
Nahual,2025-02-06,98,0,0,3.2,8,107.9954,en,Horror
Now You See Me: Now You Don't,2025-11-12,112,90000000,146060630,6.3,267,123.328,en,"Thriller, Crime, Mystery"
Playdate,2025-11-05,93,0,0,6.133,309,114.0909,en,"Action, Comedy, Family"
Demon Slayer: Kimetsu no Yaiba Infinity Castle,2025-07-18,156,20000000,740400000,7.592,578,125.149,ja,"Animation, Action, Fantasy, Thriller"
High School of the Dead: Drifters of the Dead,2011-04-25,18,0,0,7.444,471,130.6483,ja,"Comedy, Animation, Adventure, Horror"
Black Phone 2,2025-10-15,114,30000000,130224047,6.852,609,102.8032,en,"Horror, Thriller"
The Prosecutor,2024-12-08,117,38500000,128093757,6.8,146,98.2251,cn,"Action, Drama, Crime, Thriller"
Bugonia,2025-10-23,119,50000000,32857834,7.616,450,109.3434,en,"Comedy, Crime, Science Fiction"
Operation Blood Hunt,2024-12-12,94,0,0,6.734,47,90.7743,en,"Action, Adventure, Horror"
Regretting You,2025-10-22,116,30000000,83106420,7.045,99,96.4388,en,"Romance, Drama"
Beast of War,2025-09-18,87,0,186472,6.4,42,93.9963,en,"Thriller, Horror, War, Action"
Train Dreams,2025-11-05,102,10000000,0,7.384,138,97.5006,en,Drama
The Storm,2024-01-12,102,0,0,6.0,14,84.5584,zh,"Animation, Fantasy, Action, Adventure"
Border Hunters,2025-10-20,82,0,0,7.0,2,92.7144,en,"Action, Thriller"
KPop Demon Hunters,2025-06-20,96,100000000,24619953,8.214,1948,87.2959,en,"Fantasy, Music, Comedy, Animation"
Stand Your Ground,2025-05-09,100,0,0,4.614,57,80.3948,en,"Action, Thriller, Crime"
xXx,2002-08-09,124,70000000,277448382,5.976,4674,78.0214,en,"Action, Adventure, Thriller, Crime, Drama"
Chainsaw Man - The Movie: Reze Arc,2025-09-19,100,4100000,168300000,7.828,218,82.4486,ja,"Animation, Action, Romance, Fantasy"
Shelby Oaks,2025-10-02,91,1400000,2350523,5.716,88,70.3837,en,"Horror, Mystery"
Laberinto de sombras,2024-05-10,0,0,0,4.5,2,75.8552,es,Horror
Wicked,2024-11-20,162,150000000,758733258,6.916,2601,71.8114,en,"Drama, Romance, Fantasy"
Succubus,2024-10-06,103,0,0,8.956,192,81.4632,en,"Horror, Thriller"
First Moon,2025-05-06,97,0,0,4.021,47,69.4376,en,"Horror, Thriller"
The Conjuring: Last Rites,2025-09-03,136,55000000,494410454,6.978,1363,66.3807,en,Horror
After the Hunt,2025-10-09,139,80000000,9299531,5.98,227,51.3916,en,Drama
The Fantastic 4: First Steps,2025-07-23,115,200000000,520652419,7.045,2500,65.4183,en,"Science Fiction, Adventure, Action"
Tee Yai: Born to Be Bad,2025-11-12,117,0,0,4.847,37,58.1625,th,"Crime, Action, Drama"
Zootopia,2016-02-11,109,150000000,1025521689,7.753,17118,70.4083,en,"Animation, Adventure, Family, Comedy"
31 Minutes: One Hot Christmas,2025-11-19,91,0,0,7.941,17,65.0778,es,"Family, Comedy, Adventure, Music"
Roofman,2025-10-08,126,18000000,28918350,7.197,216,53.7707,en,"Comedy, Drama, Crime"
Sisu: Road to Revenge,2025-10-21,89,12200000,5708490,7.4,27,57.7495,fi,"Action, War"
Mission: Impossible - The Final Reckoning,2025-05-17,170,400000000,598056261,7.256,2121,58.9603,en,"Action, Thriller"
Monster Island,2025-05-08,83,0,0,5.75,76,50.9234,en,"Horror, Fantasy, Action, Thriller"
The Running Man,2025-11-11,133,110000000,48267967,6.8,207,49.1857,en,"Action, Thriller, Science Fiction"
Two Worlds One Wish,2025-11-24,118,0,0,7.417,6,54.6635,tr,"Romance, Drama"
Dracula,2025-07-30,130,52000000,25788866,7.073,449,54.1044,fr,"Horror, Fantasy, Romance"
Captain Hook: The Cursed Tides,2025-07-11,90,0,0,4.975,40,49.9762,en,"Adventure, Action, Horror"
Abyss,2024-12-11,95,0,0,5.873,80,47.5451,fr,"Thriller, Action"
Code 3,2025-09-12,100,0,12140,6.7,128,51.844,en,"Action, Comedy"
No Other Choice,2025-09-24,139,0,7500000,7.8,56,51.4946,ko,"Crime, Thriller, Comedy"
Amelia,2009-10-22,111,40000000,19643086,5.7,247,27.925,en,"Adventure, Drama, History"
Jurassic World Rebirth,2025-07-01,134,180000000,868878422,6.377,2535,47.9669,en,"Science Fiction, Adventure, Action"
Pacific Fear,2024-07-11,89,0,0,4.486,35,43.8838,fr,"Horror, Thriller"
Stitch Head,2025-10-16,92,34800000,3455841,6.8,12,45.3754,en,"Animation, Adventure, Family, Comedy"
My Fault,2023-06-08,117,0,0,7.764,3925,41.6753,es,"Drama, Romance, Thriller"
The Family Plan,2023-12-14,118,0,0,7.249,1688,45.0065,en,"Action, Comedy, Family"
Holy Night: Demon Hunters,2025-04-30,92,0,6500000,6.7,69,47.8175,ko,"Action, Fantasy, Horror, Thriller"
Spithood,2024-10-25,58,0,0,5.038,13,47.4287,en,"Horror, Thriller"
Blue Moon,2025-10-17,100,0,0,7.0,27,45.5051,en,Drama
Ko Ga Loak Village,2025-11-06,99,0,0,3.8,5,40.8907,th,"Comedy, Horror"
Stolen Girl,2025-09-04,110,26000000,92691,6.5,86,41.2271,en,"Thriller, Action, Adventure"
Our Fault,2025-10-15,112,0,0,7.493,528,42.43,es,"Romance, Drama"
Afterburn,2025-08-20,105,60000000,184758,6.9,121,40.0142,en,"Science Fiction, Action, Comedy"
Jingle Bell Heist,2025-11-25,94,0,0,6.0,23,63.4794,en,"Romance, Crime, Comedy"
The Avengers,2012-04-25,143,220000000,1518815515,7.86,34141,43.2894,en,"Science Fiction, Action, Adventure"
F1,2025-06-25,156,250000000,626222234,7.8,2655,41.1443,en,"Action, Drama"
In Your Dreams,2025-11-07,87,0,0,7.121,103,36.4648,en,"Animation, Family, Comedy, Adventure, Fantasy"
Superman,2025-07-09,130,225000000,615800000,7.415,3878,47.1201,en,"Science Fiction, Adventure, Action"
Champagne Problems,2025-11-18,99,0,0,6.2,65,32.2477,en,"Romance, Comedy"
Martin,2024-10-11,147,17647000,3247000,4.058,26,37.6777,kn,"Action, Drama, Thriller"
How to Train Your Dragon,2025-06-06,125,150000000,635213100,7.988,2208,38.2366,en,"Fantasy, Family, Action, Adventure"
Predator,1987-06-12,107,15000000,98267558,7.541,8665,37.8528,en,"Science Fiction, Action, Adventure, Thriller"
End of Loyalty,2023-03-07,90,0,0,5.4,7,34.866,en,"Crime, Action"
Hunting Grounds,2025-05-16,89,0,0,6.7,61,34.4506,en,"Action, Thriller"
How to Make a Killing,2025-01-01,109,0,10867970,6.479,213,35.37,fr,"Comedy, Thriller"
Nobody 2,2025-08-13,89,25000000,38802325,7.06,997,34.2828,en,"Action, Thriller"
Interstellar,2014-11-05,169,165000000,746606706,8.463,38296,36.048,en,"Adventure, Drama, Science Fiction"
The Naked Gun,2025-07-30,85,42000000,102147396,6.516,1111,34.7835,en,"Action, Comedy, Crime"
Primitive War,2025-08-21,133,0,217753,6.841,167,35.2658,en,"Action, Horror, War"
The Shawshank Redemption,1994-09-23,142,25000000,28341469,8.7,29276,54.1526,en,"Drama, Crime"
The Ugly Stepsister,2025-03-07,109,4250000,5325096,7.336,702,34.2437,no,"Horror, Comedy, Fantasy, Drama"
Avatar: Fire and Ash,2025-12-17,192,250000000,0,0.0,0,37.4516,en,"Science Fiction, Adventure, Fantasy"
Laila,2025-02-14,134,0,0,5.2,6,36.3659,te,"Comedy, Romance"
Kulong,2024-05-24,48,0,0,6.0,7,37.035,tl,Drama
A Very Jonas Christmas Movie,2025-11-10,78,0,0,6.6,57,31.0463,en,"Comedy, Music"
The Bad Guys 2,2025-07-24,104,80000000,224738330,7.754,534,35.244,en,"Family, Comedy, Crime, Adventure, Animation"
Grand Prix of Europe,2025-07-24,98,0,2917068,7.3,20,33.2434,en,"Animation, Adventure, Comedy"
Shahenshah,1988-01-29,180,0,0,6.2,23,34.4743,hi,Action
Your Name.,2016-08-26,106,0,358000000,8.479,12119,32.4479,ja,"Animation, Romance, Drama"
The Hurricane,1937-11-09,104,2000000,0,6.7,48,16.0623,en,"Action, Adventure, Drama, Romance"
Kryptic,2025-06-09,96,0,0,5.15,20,31.1845,en,"Horror, Thriller, Drama"
ClearMind,2024-02-03,85,0,0,5.167,27,31.2266,en,"Science Fiction, Comedy, Thriller"
The Toxic Avenger Unrated,2025-08-28,102,0,3328938,6.2,205,31.4954,en,"Action, Comedy, Science Fiction"
Death Race,2008-08-22,105,45000000,76000000,6.29,3983,18.4139,en,"Action, Thriller, Science Fiction"
Death Race,2008-08-22,105,45000000,76000000,6.29,3983,18.4139,en,"Action, Thriller, Science Fiction"
TRON: Ares,2025-10-08,119,180000000,142073994,6.337,415,33.634,en,"Science Fiction, Adventure, Action"
Ne Zha 2,2025-01-29,144,80000000,2150000000,8.042,464,30.8826,zh,"Animation, Fantasy, Adventure, Action"
Ballerina,2025-06-04,125,90000000,137258395,7.317,1996,31.2673,en,"Action, Thriller, Crime"
Inside Furioza,2025-10-14,166,0,0,6.545,66,29.1241,pl,"Action, Crime, Thriller"
The Strangers: Chapter 2,2025-09-25,98,8000000,21293765,6.014,139,30.4332,en,"Horror, Thriller"
The Senior,2025-09-18,99,1050000,4480301,6.107,14,28.2683,en,Drama
Lilo & Stitch,2025-05-17,108,100000000,1037247842,7.247,1847,29.4446,en,"Family, Science Fiction, Comedy, Adventure"
Deceptions,1990-09-29,95,0,0,4.4,10,14.2047,en,"Mystery, Thriller, TV Movie"
The Son of a Thousand Men,2025-10-30,126,0,0,7.25,16,24.1171,pt,Drama
The Long Walk,2025-09-10,108,20000000,54054069,6.932,828,27.8306,en,"Thriller, Science Fiction, Horror"
The Follies,2025-11-13,121,0,0,4.8,11,23.5606,es,Drama
Inside Out 2,2024-06-11,97,200000000,1698863816,7.549,6264,24.9861,en,"Animation, Adventure, Comedy, Family"
Heads of State,2025-06-24,117,100,0,6.867,854,26.8469,en,"Action, Thriller, Comedy"
The Rookie,2002-03-25,127,20000000,75597042,6.811,475,19.6396,en,"Drama, Family"
The Gorge,2025-02-13,128,70000000,0,7.674,3181,25.7156,en,"Romance, Science Fiction, Thriller"
Lover,2024-02-07,145,0,0,7.286,14,28.8382,ta,"Romance, Drama"
It Chapter Two,2019-09-04,169,79000000,473123154,6.838,9257,29.0056,en,"Horror, Thriller"
Night Visitor,1989-05-12,93,0,0,4.1,25,17.6247,en,"Horror, Thriller"
Elio,2025-06-18,98,150000000,153797125,6.973,679,27.4729,en,"Family, Comedy, Adventure, Animation, Science Fiction"
A Shoe Addict's Christmas,2018-11-25,90,0,0,6.2,74,27.6395,en,"Romance, Drama, TV Movie, Fantasy"
The Heir Apparent: Largo Winch,2008-12-17,108,25400000,17100000,6.052,570,14.0117,fr,"Adventure, Drama, Action, Thriller"
The Dogs,2025-06-13,97,0,0,6.5,20,25.2511,en,"Horror, Thriller, Mystery"
Titanic,1997-11-18,194,200000000,2264162353,7.903,26499,29.8798,en,"Drama, Romance"
Marco,2024-12-20,145,3467000,11559000,6.6,85,27.6606,ml,"Action, Crime, Thriller"
Avatar: The Way of Water,2022-12-14,192,350000000,2330224914,7.61,13076,27.5013,en,"Action, Adventure, Science Fiction"
The Boy Who Cried Werewolf,2010-10-22,86,0,0,6.4,304,15.3966,en,"Family, Fantasy, TV Movie, Comedy"
A Minecraft Movie,2025-03-31,101,150000000,957949195,6.347,2516,26.2219,en,"Family, Fantasy, Comedy, Adventure, Action"
Descent,2005-05-20,87,0,0,4.7,26,17.0485,en,"Science Fiction, TV Movie, Adventure"
Play Dirty,2025-09-30,125,2500000,0,6.638,472,25.6627,en,Crime
Les irresponsables,2025-07-24,93,0,0,5.0,3,27.235,ca,"Comedy, Drama"
Nightmare Weekend,1986-05-12,86,0,0,3.4,36,12.5088,en,"Horror, Science Fiction"
Harry Potter and the Philosopher's Stone,2001-11-16,152,125000000,976475550,7.899,28840,27.0243,en,"Adventure, Fantasy"
Valiant One,2025-01-30,86,10000000,1236630,6.852,81,26.1222,en,"War, Thriller, Action"
Final Destination Bloodlines,2025-05-14,110,50000000,315630814,7.104,2405,26.6251,en,"Horror, Mystery"
Five Nights at Freddy's 2,2025-12-03,104,51000000,0,0.0,0,26.6932,en,"Horror, Thriller"
Freakier Friday,2025-08-06,110,42000000,152889065,6.89,470,23.8962,en,"Comedy, Fantasy, Family"
How the Grinch Stole Christmas,2000-11-17,104,123000000,345800000,6.777,7944,26.3865,en,"Family, Comedy, Fantasy"
Weapons,2025-08-04,129,38000000,265894217,7.326,2414,25.5627,en,"Horror, Mystery"
Dead of Winter,2025-09-23,98,0,1030111,6.5,90,23.2037,en,Thriller
Wildcat,2025-11-19,99,0,0,5.4,4,26.3743,en,"Action, Thriller, Crime"
Deadpool & Wolverine,2024-07-24,128,200000000,1338073645,7.568,7965,25.1137,en,"Action, Comedy, Science Fiction"
Nobody,2025-08-02,118,0,215367669,7.656,32,24.049,zh,"Animation, Adventure, Fantasy, Comedy"
Moana 2,2024-11-21,100,150000000,1059242164,7.028,2801,24.9867,en,"Family, Comedy, Adventure, Animation, Fantasy"
The Godfather,1972-03-14,175,6000000,245066411,8.685,22097,23.9695,en,"Drama, Crime"
Gabby's Dollhouse: The Movie,2025-09-13,98,32000000,67600000,6.6,41,25.6576,en,"Family, Comedy, Adventure, Animation"
Akin Ang Gabi,2025-11-21,70,0,0,0.0,0,23.851,tl,Drama
Singham,2011-07-22,143,4800000,30000000,6.485,168,16.2131,hi,"Drama, Action, Crime"
Bunker Hill,2009-11-27,46,0,0,0.0,0,11.3866,en,"Drama, TV Movie"
If I Had Legs I'd Kick You,2025-10-10,113,0,21263,6.957,47,21.9665,en,"Drama, Thriller"
It,2017-09-06,135,35000000,704242888,7.237,19828,25.6698,en,"Horror, Thriller"
Ice Road: Vengeance,2025-06-27,113,0,0,6.3,521,23.9498,en,"Action, Thriller, Drama"
Psycho III,1986-04-02,93,8400000,14481606,5.635,408,11.9746,en,"Horror, Mystery, Thriller"
Vāranāsi,,0,136250000,0,0.0,0,20.8288,te,"Adventure, Action, Science Fiction, Fantasy"
Arunachalam,1997-04-10,165,0,0,7.3,28,24.82,ta,"Action, Drama, Comedy"
Avatar,2009-12-15,162,237000000,2923706026,7.594,32844,24.8656,en,"Action, Adventure, Fantasy, Science Fiction"
Inception,2010-07-15,148,160000000,839030630,8.37,38267,23.2053,en,"Action, Science Fiction, Adventure"
A Merry Little Ex-Mas,2025-11-12,91,0,0,6.321,81,21.9355,en,"Romance, Comedy"
Wake,2024-05-23,85,0,0,5.5,26,22.6077,en,"Horror, Thriller"
Sinners,2025-04-16,138,90000000,365878513,7.506,2942,21.8074,en,"Horror, Action, Thriller"
Los Angeles,2021-11-20,82,100000,0,5.0,1,21.0556,en,Drama
Now You See Me,2013-05-29,116,75000000,351723989,7.332,16224,22.0098,en,"Thriller, Crime"
Home Alone 2: Lost in New York,1992-11-15,120,18000000,358994850,6.8,10202,20.6114,en,"Comedy, Family, Adventure"
Storm Boy,2019-01-17,99,0,0,7.1,148,15.0151,en,"Drama, Adventure, Family"
Predator: Killer of Killers,2025-06-05,85,0,0,7.869,968,23.2913,en,"Animation, Action, Science Fiction, Thriller"
The Dark Knight,2008-07-16,152,185000000,1004558444,8.525,34747,23.9,en,"Drama, Action, Crime, Thriller"
Fight Club,1999-10-15,139,63000000,100853753,8.438,31033,20.663,en,"Drama, Thriller"
M3GAN 2.0,2025-06-25,120,25000000,39085942,7.378,991,21.9341,en,"Action, Science Fiction, Thriller"
The Smashing Machine,2025-10-01,123,50000000,10057115,6.524,251,22.6775,en,"History, Drama"
November,2025-10-02,78,0,0,0.0,0,24.6218,es,Drama
A Working Man,2025-03-26,116,40000000,99068160,6.707,1651,24.0035,en,"Action, Crime, Thriller"
Harry Potter and the Goblet of Fire,2005-11-16,157,150000000,895921036,7.8,21610,22.8614,en,"Adventure, Fantasy"
Night Carnage,2025-07-29,80,0,0,5.8,60,22.5306,fr,"Action, Horror, Romance"
Anniversary,2025-10-29,111,0,0,6.7,32,20.7259,en,"Thriller, Drama"
Mantis,2025-09-26,113,0,0,6.217,106,21.0343,ko,"Action, Crime, Thriller"
Pets on a Train,2025-07-02,87,0,3082436,6.9,28,23.384,fr,"Animation, Comedy, Adventure, Thriller"
The Jester 2,2025-09-15,87,0,146237,6.2,37,21.7002,en,"Horror, Thriller, Crime"
Avengers: Infinity War,2018-04-25,149,300000000,2052415039,8.235,31165,21.5437,en,"Adventure, Action, Science Fiction"
Laura's Toys,1975-01-01,103,0,0,4.824,17,27.9435,en,Drama
The Virginian,2014-01-12,94,2000000,0,4.6,19,15.8548,en,Western
Lackawanna Blues,2005-02-12,95,0,0,5.732,28,21.9736,en,"Drama, Music, TV Movie"
The Lost Princess,2025-10-16,105,0,0,6.225,40,21.8004,en,"Action, Adventure"
Sonic the Hedgehog 3,2024-12-19,110,122000000,492162604,7.643,3029,21.3804,en,"Action, Science Fiction, Comedy, Family"
Colonel Kwiatkowski,1996-05-10,123,0,0,6.7,30,20.9118,pl,"Comedy, History"
Sisu,2022-09-09,91,6600000,14281199,7.4,2512,22.5154,fi,"Action, War"
Rental Family,2025-11-20,110,0,3336147,7.538,13,22.3708,en,"Drama, Comedy"
Love Hate Hunt Kill,,0,0,0,0.0,0,11.6939,en,Thriller
Fuuto PI: The Portrait of Kamen Rider Skull,2024-11-08,82,0,0,7.9,7,20.2977,ja,"Animation, Action, Adventure, Comedy"
The Doctor Down Under,2004-12-01,51,0,0,0.0,0,9.9641,en,Documentary
Harry Potter and the Prisoner of Azkaban,2004-05-31,141,130000000,789804554,8.01,22568,23.0911,en,"Adventure, Fantasy"
Penguin Highway,2018-08-17,118,0,3902796,7.1,242,18.3977,ja,"Animation, Adventure, Comedy, Fantasy"
The Black Phone,2022-06-16,103,16000000,161441914,7.548,5519,20.0607,en,"Horror, Thriller"
Red One,2024-10-31,124,250000000,185700759,7.035,2739,21.9035,en,"Action, Comedy, Fantasy"
A Little Women's Christmas,2024-11-23,83,0,0,7.5,4,18.4572,en,"Comedy, Romance, Drama"
The Super Mario Bros. Movie,2023-04-05,93,100000000,1362000000,7.603,10086,20.2359,en,"Family, Comedy, Adventure, Animation, Fantasy"
Ballad of a Small Player,2025-10-15,101,0,0,5.835,206,18.8837,en,"Crime, Drama"
Appassionata,1974-05-22,96,0,0,5.7,55,19.0009,it,Drama
Django Undisputed,2024-04-22,84,3,0,6.0,11,21.0417,it,Western
Thunderbolts*,2025-04-30,127,180000000,382436917,7.312,2918,21.1834,en,"Action, Science Fiction, Adventure"
Harry Potter and the Chamber of Secrets,2002-11-13,161,100000000,876688482,7.704,23000,21.6977,en,"Adventure, Fantasy"
Harry Potter and the Chamber of Secrets,2002-11-13,161,100000000,876688482,7.704,23000,21.6977,en,"Adventure, Fantasy"
Prisoner of War,2025-09-19,113,2000000,0,7.2,123,19.8937,en,"Action, War, Thriller, History"
Shrek,2001-05-18,90,60000000,488628188,7.753,18134,20.758,en,"Animation, Comedy, Fantasy, Adventure, Family"
Wild Diamond,2024-10-09,103,0,0,6.4,82,20.2558,fr,Drama
Wake Up Dead Man: A Knives Out Mystery,2025-11-26,145,210000000,0,7.8,5,21.1909,en,"Comedy, Mystery, Crime"
Homeroom,2021-01-29,90,0,0,0.0,0,30.3848,en,Documentary
Now You See Me 2,2016-06-02,129,120000000,334897606,6.826,11191,19.9434,en,"Thriller, Crime"
"$5,000 Reward",1916-05-27,12,0,0,0.0,0,11.2635,en,Western
The Age of Disclosure,2025-11-21,109,0,0,7.7,15,19.4496,en,Documentary
Nuremberg,2025-11-06,148,11800000,10962391,7.3,24,20.8422,en,"History, Drama, War, Thriller"
The Lord of the Rings: The Return of the King,2003-12-17,201,94000000,1118888979,8.491,25692,23.4668,en,"Adventure, Fantasy, Action"
American Pie,1999-07-09,95,11000000,235483004,6.598,8035,15.4099,en,"Comedy, Romance"
Jeanne Eagels,1957-08-02,109,0,0,5.875,12,33.9704,en,Drama
Show Dogs,2018-05-18,90,5500000,38830219,6.0,253,13.8221,en,"Adventure, Crime, Family, Comedy"
Aquaman,2018-12-07,143,160000000,1152028393,6.872,14588,12.3431,en,"Action, Adventure, Fantasy"
The Roses,2025-08-27,105,30600000,51498093,6.8,358,18.2619,en,"Comedy, Drama, Romance"
A House of Dynamite,2025-10-02,112,0,181125,6.377,829,19.7351,en,Thriller
Bone Lake,2025-10-02,94,1000000,1688650,6.051,69,20.656,en,"Horror, Thriller, Mystery"
Striking Rescue,2024-12-05,106,0,0,7.4,142,19.4077,zh,"Action, Crime, Thriller"
Harry Potter and the Order of the Phoenix,2007-07-08,138,150000000,938212738,7.7,20306,19.5386,en,"Adventure, Fantasy"
War 2,2025-08-13,173,47000000,3096145,5.535,43,17.9278,hi,"Action, Adventure, Thriller"
Coco,2017-10-27,105,175000000,814641172,8.201,20445,19.9372,en,"Family, Animation, Music, Adventure"
The Wolf of Wall Street,2013-12-25,180,100000000,407038432,8.027,25201,19.4784,en,"Crime, Drama, Comedy"
EKS,2024-03-01,119,0,0,3.2,5,21.3712,tl,Drama
Belle épine,2010-11-10,80,0,0,5.446,56,19.0534,fr,Drama
The Substance,2024-09-07,141,17500000,76506196,7.1,5375,18.7844,en,"Drama, Horror, Science Fiction"
Karate Kid: Legends,2025-05-08,94,45000000,105456077,7.1,965,19.5461,en,"Action, Adventure, Drama"
The Maze Runner,2014-09-10,113,34000000,348319861,7.192,17702,18.4387,en,"Action, Mystery, Science Fiction, Thriller"
Five Nights at Freddy's,2023-10-25,110,20000000,297144130,7.4,4630,19.5625,en,"Horror, Thriller"
The Unknown Purple,1923-10-01,70,0,0,0.0,0,11.4013,en,"Mystery, Science Fiction"
The Wild Robot,2024-09-12,102,78000000,331982078,8.3,5516,18.2236,en,"Animation, Science Fiction, Family, Adventure, Drama"
"The Chronicles of Narnia: The Lion, the Witch and the Wardrobe",2005-12-07,143,180000000,745013115,7.135,11167,18.7425,en,"Adventure, Family, Fantasy"
Pirates of the Caribbean: The Curse of the Black Pearl,2003-07-09,143,140000000,655011224,7.816,21621,18.077,en,"Adventure, Fantasy, Action"
Red Sonja,2025-07-31,110,0,265091,5.8,138,18.1856,en,"Adventure, Action, Fantasy"
The Matrix,1999-03-31,136,63000000,463517383,8.236,27032,18.7132,en,"Action, Science Fiction"
Icefall,2025-10-16,99,0,0,7.026,38,18.7059,en,"Action, Crime, Thriller"
Forrest Gump,1994-06-23,142,55000000,677387716,8.463,28886,19.583,en,"Comedy, Drama, Romance"
Kevin Hart: Acting My Age,2025-11-23,66,0,0,6.333,6,18.117,en,Comedy
The Hand That Rocks the Cradle,2025-10-16,105,0,0,5.715,93,17.5086,en,Thriller
Spider-Man: No Way Home,2021-12-15,148,200000000,1921847111,7.937,21297,19.4866,en,"Action, Adventure, Science Fiction"
Japanese Mom,2017-02-09,91,0,0,6.6,62,19.5565,ko,"Romance, Drama"
Isaac Littlefeathers,1984-12-07,100,1700000,0,0.0,0,42.1891,en,Drama
Mufasa: The Lion King,2024-12-18,118,200000000,722631756,7.348,2448,17.7428,en,"Adventure, Family, Animation"
Despicable Me 4,2024-06-20,94,100000000,969597394,7.013,2980,19.2056,en,"Family, Comedy, Animation, Science Fiction"
Kantara,2022-09-30,147,1960000,60447800,7.161,124,17.9063,kn,"Action, Drama, Thriller"
The Ballad of Robbie de Wee,2013-10-23,109,0,0,0.0,0,16.2672,en,"Thriller, Drama"
Parasite,2019-05-30,133,11363000,257591776,8.496,19742,19.0572,ko,"Comedy, Thriller, Drama"
Sree Hari Hara Sudhan Swami Ayyappan,2017-04-17,80,0,0,9.0,3,19.2653,ta,"Animation, Drama, History"
Harry Potter and the Half-Blood Prince,2009-07-15,153,250000000,933959197,7.7,20274,18.824,en,"Adventure, Fantasy"
Ne Zha,2019-07-26,110,22000000,742718496,7.9,726,17.7896,zh,"Animation, Fantasy, Adventure"
Venom: The Last Dance,2024-10-22,109,120000000,478937618,6.682,3865,19.8384,en,"Action, Science Fiction, Adventure"
Genshin Impact: Star Odyssey,2025-06-12,3,0,0,0.0,0,17.6004,zh,"Animation, Music"
Baramulla,2025-11-06,120,0,0,5.478,23,17.6405,hi,Horror
Coraline,2009-02-05,100,60000000,185860104,7.896,8661,17.1706,en,"Animation, Family, Fantasy"
Dune,2021-09-15,155,165000000,407573628,7.777,14141,17.4533,en,"Science Fiction, Adventure"
Gone Girl,2014-10-01,149,61000000,370890259,7.889,19442,16.3839,en,"Mystery, Thriller, Drama"
Harry Potter and the Deathly Hallows: Part 1,2010-11-17,146,250000000,954305868,7.738,19874,17.702,en,"Adventure, Fantasy"
Your Fault,2024-12-26,118,0,0,7.134,1455,18.8175,es,"Drama, Romance"
Live Wire: Human Timebomb,1996-02-27,98,0,0,4.714,7,16.3236,en,"Action, Drama, Thriller"
Balahibong Pusa,2025-11-28,0,0,0,0.0,0,15.8821,tl,"Drama, Romance"
White Chicks,2004-06-23,109,37000000,113100000,6.938,4322,16.5179,en,"Comedy, Crime"
Wild Side,1996-06-22,96,3500000,0,5.7,50,12.9004,en,"Thriller, Romance"
Toy Story,1995-11-22,81,30000000,394436586,7.971,19309,17.4898,en,"Family, Comedy, Animation, Adventure"
Ligaw,2025-05-09,85,0,0,6.0,5,16.4797,tl,"Drama, Romance"
Pulp Fiction,1994-09-10,154,8000000,213928762,8.488,29310,17.7185,en,"Thriller, Crime, Comedy"
Oppenheimer,2023-07-19,181,100000000,952000000,8.0,10990,17.1365,en,"Drama, History"
Iron Man 2,2010-04-28,124,200000000,623933331,6.848,21853,18.7985,en,"Adventure, Action, Science Fiction"
Flow,2024-08-29,85,3700000,17660107,8.124,2458,17.4598,lv,"Animation, Adventure, Fantasy, Family"
The Incredibles,2004-11-05,115,92000000,631442092,7.719,18425,16.796,en,"Action, Adventure, Animation, Family"
Dead Bride,2025-01-09,83,0,0,4.75,4,15.2915,en,"Horror, Thriller"
The Mummy,1999-04-16,124,80000000,415885488,6.952,9601,15.8091,en,"Adventure, Action, Fantasy"
Good Fortune,2025-10-14,97,30000000,25565113,7.077,260,17.0366,en,"Comedy, Fantasy"
Redbelt,2008-04-07,99,7000000,0,6.463,285,21.2449,en,Drama
Good Boy,2025-10-01,73,70000,8770110,6.8,295,17.2235,en,"Horror, Thriller"
Deadly Pickup,2016-07-26,81,0,0,5.396,24,17.0142,en,Thriller
Padre no hay más que uno 5: Nido repleto,2025-06-26,100,0,0,6.6,29,17.1776,es,"Comedy, Family"
Smurfs,2025-07-05,89,58000000,124157356,5.929,218,17.564,en,"Animation, Family, Fantasy"
Other special desires,1983-05-14,88,0,0,5.0,5,18.7157,it,Romance
The Astronaut,2025-09-26,90,0,0,5.857,84,16.8048,en,"Horror, Science Fiction, Thriller"
Dollhouse,2025-06-13,110,0,11547839,8.0,5,19.1014,ja,"Horror, Mystery"
Nobody,2021-03-18,91,16000000,57512470,7.899,7897,16.1086,en,"Action, Thriller"
365 Days: This Day,2022-04-26,111,0,0,5.9,1784,17.2228,pl,"Romance, Drama"
Barbie,2023-07-19,114,145000000,1447138421,6.943,10490,16.0894,en,"Comedy, Adventure"
Captain America: Brave New World,2025-02-12,119,180000000,415101577,6.007,2765,18.0783,en,"Action, Thriller, Science Fiction"
Companion,2025-01-22,97,10000000,36809101,7.041,1874,16.3659,en,"Horror, Science Fiction, Thriller"
Bury Me When I'm Dead,2025-07-14,90,0,0,5.4,7,16.4719,en,"Mystery, Thriller, Horror"
Pirates of the Caribbean: Dead Man's Chest,2006-07-06,151,200000000,1066179747,7.4,16719,16.6543,en,"Adventure, Fantasy, Action"
HIM,2025-09-18,96,27000000,27601423,5.883,231,16.8702,en,"Horror, Mystery"
The Lord of the Rings: The Two Towers,2002-12-18,179,79000000,926287400,8.411,23131,16.6122,en,"Adventure, Fantasy, Action"
Dangerous Animals,2025-06-05,98,2000000,4569549,6.4,355,15.5451,en,"Horror, Thriller"
Fifty Shades of Grey,2015-02-11,125,40000000,569651467,5.88,12171,17.3149,en,"Drama, Romance, Thriller"
Top Gun: Maverick,2022-05-21,131,170000000,1488732821,8.164,10363,17.1107,en,"Action, Drama"
Roadie,1980-06-13,106,4700000,4226370,5.8,27,29.5637,en,"Comedy, Music"
Marine Battleground,1963-04-11,110,0,0,7.1,8,28.1314,ko,"War, Drama"
28 Years Later,2025-06-18,115,60000000,151289671,6.671,1726,15.9576,en,"Horror, Thriller, Science Fiction"
Kraven the Hunter,2024-12-11,127,130000000,62076533,6.47,2101,18.2123,en,"Action, Adventure, Thriller"
Shiner,2000-09-22,99,0,0,5.229,24,11.089,en,"Drama, Action, Crime"
Abraham's Boys: A Dracula Story,2025-07-11,89,0,0,5.5,25,16.6606,en,Horror
Pirates of the Caribbean: At World's End,2007-05-19,169,300000000,961691209,7.266,15046,16.9262,en,"Adventure, Fantasy, Action"
Anora,2024-10-14,139,6000000,56286295,7.0,2752,16.4595,en,"Drama, Comedy, Romance"
Gladiator II,2024-11-13,148,310000000,462180717,6.65,4010,16.3548,en,"Action, Adventure, Drama"
Spider-Man: Across the Spider-Verse,2023-05-31,140,100000000,690897910,8.34,8043,17.1008,en,"Animation, Action, Adventure, Science Fiction"
Godzilla x Kong: The New Empire,2024-03-27,115,150000000,571750016,7.075,4404,17.3788,en,"Action, Adventure, Science Fiction"
Frozen,2013-11-20,102,150000000,1274219009,7.249,17179,20.487,en,"Animation, Family, Adventure, Fantasy"
Dead Again,2025-05-08,74,0,0,9.0,3,16.7999,ko,"Thriller, Romance, Mystery"
The Grinch,2018-11-08,85,75000000,508600000,6.9,4275,17.5323,en,"Family, Comedy, Animation"
The Book,2024-11-08,0,0,0,4.167,7,15.3001,es,"Horror, Thriller"
From Darkness,2024-03-22,95,0,0,6.393,14,15.6753,sv,"Horror, Mystery, Thriller"
Harry Potter and the Deathly Hallows: Part 2,2011-07-12,130,125000000,1341511219,8.084,21442,15.9627,en,"Adventure, Fantasy"
Pirates of the Caribbean: Dead Man's Chest,2006-07-06,151,200000000,1066179747,7.4,16719,16.6543,en,"Adventure, Fantasy, Action"
Fast X,2023-05-17,142,340000000,704709660,7.015,6112,16.723,en,"Action, Crime, Thriller"
The Lord of the Rings: The Two Towers,2002-12-18,179,79000000,926287400,8.411,23131,16.6122,en,"Adventure, Fantasy, Action"
Hostile Takeover,2025-08-08,89,0,0,7.1,32,16.5829,en,"Action, Comedy, Thriller"
Captain Avispa,2024-04-04,88,0,0,7.075,40,16.3871,es,"Animation, Family"
Cinderella,2015-03-06,105,95000000,543514353,6.8,7255,17.3038,en,"Romance, Fantasy, Family, Drama"
Dune: Part Two,2024-02-27,167,190000000,714844358,8.133,7226,15.6408,en,"Science Fiction, Adventure"
Eenie Meanie,2025-08-21,106,50000000,0,6.371,249,15.887,en,"Thriller, Action, Comedy"
Anora,2024-10-14,139,6000000,56286295,7.0,2752,16.4595,en,"Drama, Comedy, Romance"
Up,2009-05-28,96,175000000,735103954,7.96,21102,15.5635,en,"Animation, Comedy, Family, Adventure"
Gladiator,2000-05-04,155,103000000,465516248,8.221,20245,16.4187,en,"Action, Drama, Adventure"
Everly,2015-02-26,93,0,358156,5.5,565,8.6108,en,"Thriller, Action"
Prey,2022-08-02,100,65000000,0,7.674,7362,15.6083,en,"Thriller, Action, Science Fiction"
Poor Things,2023-12-07,141,35000000,117607117,7.655,5098,13.747,en,"Science Fiction, Romance, Comedy"
A Man Called Otto,2022-12-28,126,50000000,108961677,7.8,3321,14.4076,en,"Comedy, Drama"
Joker,2019-10-01,122,55000000,1078958629,8.1,27010,14.6199,en,"Crime, Thriller, Drama"
Scary Movie,2000-07-07,88,19000000,278022760,6.381,7400,14.8222,en,Comedy
Alien: Romulus,2024-08-13,119,80000000,350865342,7.176,4115,16.2685,en,"Horror, Science Fiction"
Anemone,2025-10-02,125,11000000,1161830,6.3,59,14.5461,en,Drama
The Hunger Games: Mockingjay - Part 1,2014-11-19,123,125000000,755356711,6.8,16393,15.5485,en,"Science Fiction, Adventure, Thriller"
The Intouchables,2011-11-02,113,13000000,426590315,8.271,17976,15.1815,fr,"Drama, Comedy"
Gladiator,2000-05-04,155,103000000,465516248,8.221,20245,16.4187,en,"Action, Drama, Adventure"
The Monuments Men,2014-01-24,118,70000000,154984035,6.065,3711,14.9697,en,"War, Drama, History, Action"
Spirited Away,2001-07-20,125,19000000,274925095,8.535,17659,15.6853,ja,"Animation, Family, Fantasy"
John Wick: Chapter 4,2023-03-22,170,100000000,440157245,7.716,7493,15.6213,en,"Action, Thriller, Crime"
Ice Age,2002-03-14,81,59000000,383257136,7.366,13909,16.0713,en,"Animation, Comedy, Family, Adventure"
Together,2025-07-28,102,17000000,32273161,7.102,722,16.1071,en,"Horror, Romance"
The Wizard of Oz,1939-08-15,102,2777000,33754967,7.591,5904,15.5142,en,"Adventure, Fantasy, Family"
Troy,2004-05-13,163,175000000,497409852,7.165,10710,14.2562,en,"War, Action, History"
Scarface,1983-12-09,170,25000000,66023329,8.158,12577,14.8382,en,"Action, Crime, Drama"
As Good as Dead,2022-12-16,88,0,0,6.177,82,14.5634,en,"Action, Crime"
The Beekeeper,2024-01-08,106,35000000,152720535,7.275,3888,14.3883,en,"Action, Crime, Thriller"
Catch Me If You Can,2002-12-16,141,52000000,352114312,7.979,16515,14.0492,en,"Drama, Crime"
Amityville A.I.,2024-12-01,70,4735,0,0.0,0,7.6836,en,Horror
Waxworks,1924-11-13,83,0,0,6.4,66,14.8123,de,"Fantasy, Horror"
Light of the World,2025-09-04,84,20000000,2595702,9.0,5,15.1365,en,"Animation, Fantasy, Drama, Music"
Casino Royale,1967-04-13,131,12000000,41744718,5.252,784,14.8314,en,"Adventure, Action, Comedy"
Mission: Killfast,1991-05-15,97,0,0,4.0,11,14.5014,en,Action
Inglourious Basterds,2009-08-02,153,70000000,321457747,8.214,23437,13.8845,en,"Drama, Thriller, War"
The Godfather Part II,1974-12-20,202,13000000,102600000,8.57,13358,16.0119,en,"Drama, Crime"
The Amateur,2025-04-09,123,60000000,95956038,6.969,1359,15.1671,en,"Thriller, Action"
Osiris,2025-07-25,108,0,0,6.311,143,14.029,en,"Science Fiction, Action, Horror"
Tomorrowland,2015-05-19,130,190000000,209200000,6.288,7206,13.4036,en,"Adventure, Family, Mystery, Science Fiction"
The Mannequin,2025-08-24,85,0,0,6.056,18,14.3498,en,"Horror, Thriller, Crime, Mystery"
Kelas Bintang - Mangga Muda,2023-05-10,42,0,0,8.0,1,15.3062,mi,"Drama, Romance"
Django Unchained,2012-12-25,165,100000000,425368238,8.185,27275,14.6616,en,"Drama, Western"
Dr. Seuss's The Sneetches,2025-11-03,45,0,0,7.2,10,14.9747,en,"Animation, Family"
Annabelle,2014-10-01,99,6500000,257589952,5.789,6405,14.7384,en,Horror
E.T. the Extra-Terrestrial,1982-06-11,115,10500000,797307407,7.511,11653,20.0234,en,"Science Fiction, Adventure, Family, Fantasy"
Twilight,2008-11-20,122,37000000,393616788,6.284,14078,14.1393,en,"Fantasy, Drama, Romance"
Ratatouille,2007-06-28,111,150000000,623726000,7.833,17939,15.3905,en,"Animation, Comedy, Family, Fantasy"
How to Make a Killing,2026-02-20,90,0,0,0.0,0,14.0035,en,"Thriller, Comedy, Drama"
Brain Dead,2007-10-17,95,0,0,4.75,36,14.2186,en,Horror
RE:BORN,2016-09-24,101,0,0,7.105,239,14.3917,ja,"Action, Crime"
The Conjuring,2013-07-18,112,13000000,321293998,7.54,12351,14.5046,en,"Horror, Thriller"
The Emperor's New Groove,2000-12-15,78,100000000,169327687,7.557,7083,12.6644,en,"Adventure, Animation, Comedy, Family, Fantasy"
Her,2013-12-18,126,23000000,47351251,7.8,14876,14.625,en,"Romance, Science Fiction, Drama"
Playing with Love,1977-05-17,94,0,0,5.131,84,15.5032,it,Drama
The Predator,2018-09-05,107,88000000,160542134,5.632,4952,16.2333,en,"Science Fiction, Action, Thriller"
Pirates of the Caribbean: On Stranger Tides,2011-05-15,136,379000000,1046721266,6.563,14594,14.3712,en,"Adventure, Action, Fantasy"
Back to the Future,1985-07-03,116,19000000,381109762,8.323,21090,14.7479,en,"Adventure, Comedy, Science Fiction"
Gremlins,1984-06-08,106,11000000,153083102,7.137,6724,14.4548,en,"Fantasy, Horror, Comedy"
Mama Jack,2005-01-01,100,0,0,5.7,14,15.3524,en,Comedy
Bring Her Back,2025-05-28,104,15000000,39123752,7.42,1188,16.1428,en,Horror
The Amazing Spider-Man 2,2014-04-16,141,200000000,708962323,6.5,13841,13.899,en,"Action, Adventure, Science Fiction"
Predator 2,1990-11-21,108,35000000,57120318,6.292,3608,14.1055,en,"Science Fiction, Action, Thriller"
The Batman,2022-03-01,177,185000000,772319315,7.658,11390,13.2737,en,"Crime, Mystery, Thriller"
The Truman Show,1998-06-04,103,60000000,264118712,8.149,19499,13.5536,en,"Comedy, Drama"
Spider-Man: Homecoming,2017-07-05,133,175000000,880166924,7.329,22629,14.3331,en,"Action, Adventure, Science Fiction"
Deadtime Stories,1986-04-13,93,0,2750741,4.9,71,14.9806,en,"Comedy, Horror"
Die My Love,2025-10-06,119,20000000,7421995,6.827,52,15.6332,en,"Drama, Thriller"
Die My Love,2025-10-06,119,20000000,7421995,6.827,52,15.6332,en,"Drama, Thriller"
The Green Mile,1999-12-10,189,60000000,286801374,8.503,18567,21.723,en,"Fantasy, Drama, Crime"
Free Guy,2021-08-11,115,110000000,331526598,7.463,9395,14.7934,en,"Comedy, Adventure, Science Fiction"
Beauty and the Beast,2017-03-16,129,160000000,1266115964,6.969,15830,13.2944,en,"Family, Fantasy, Romance"
The Imitation Game,2014-11-14,113,14000000,233555708,7.99,17652,14.8472,en,"History, Drama, Thriller, War"
The Dead,2010-08-30,105,0,0,5.5,185,13.8921,en,"Horror, Action, Thriller, Science Fiction"
Taken,2008-02-18,94,25000000,226830568,7.398,11750,13.863,en,"Action, Thriller"
Fight Another Day,2024-10-09,108,0,0,5.1,19,13.9924,en,Action
Love Thy Neighbour,1973-08-26,85,0,0,6.2,13,24.356,en,Comedy
The Polar Express,2004-11-10,100,165000000,318432432,6.721,6649,14.4255,en,"Animation, Adventure, Family, Fantasy"
Bad Boys: Ride or Die,2024-06-05,115,100000000,404547819,7.346,3124,14.5414,en,"Action, Comedy, Crime, Thriller, Adventure"
Royal Opera House: Turandot,2013-01-09,125,0,0,0.0,0,12.8015,it,Music
Dear Stranger,2025-09-12,138,0,0,8.6,7,13.4323,ja,Drama
Dracula,2025-10-15,170,2000000,10647,7.25,4,13.9316,ro,"Science Fiction, Horror, Comedy"
The Strangers: Chapter 3,2026-02-06,0,0,0,0.0,0,15.1634,en,"Horror, Thriller"
Vicious,2025-09-19,98,0,0,5.983,178,14.7119,en,"Horror, Thriller"
Charlie and the Chocolate Factory,2005-07-13,115,150000000,475000000,7.04,15766,14.4092,en,"Adventure, Comedy, Family, Fantasy"
Kaiju No. 8: Mission Recon,2025-03-28,110,0,0,7.9,74,13.5743,ja,"Animation, Action, Science Fiction"
The Hobbit: The Battle of the Five Armies,2014-12-10,144,250000000,956019788,7.329,14912,15.2959,en,"Action, Adventure, Fantasy"
Iron Man 3,2013-04-18,130,200000000,1215577205,6.93,22943,13.8285,en,"Action, Adventure, Science Fiction"
Taxi Driver,1976-02-09,114,1900000,28579636,8.132,12996,15.0297,en,"Crime, Drama"
Love Actually,2003-09-07,135,40000000,250779876,7.102,7107,13.4827,en,"Comedy, Romance, Drama"
Madagascar,2005-05-25,86,75000000,542064525,6.916,11368,13.7776,en,"Family, Animation, Adventure, Comedy"
The Lost Bus,2025-09-19,130,0,0,7.135,474,12.0841,en,"Drama, Mystery, Thriller"
Our Men,2021-10-06,106,0,0,5.0,33,15.0228,fr,Drama
My Hero Academia: You're Next,2024-08-02,110,0,32224616,7.167,180,14.6187,ja,"Animation, Action, Adventure, Science Fiction"
The Elixir,2025-10-22,118,0,0,6.0,141,14.0832,id,"Horror, Thriller"
Tangled,2010-11-24,100,260000000,592461732,7.61,12020,14.1133,en,"Animation, Family, Adventure"
Rita,2024-03-22,113,0,0,6.05,20,13.223,tl,Drama
Sidelined: The QB and Me,2025-02-06,99,0,2,6.1,105,28.1004,en,"Comedy, Romance"
Sweet Lavender,1920-10-04,50,0,0,0.0,0,11.6727,en,Drama
Bullet Train,2022-08-03,126,90000000,239300000,7.422,7062,13.9841,en,"Action, Comedy, Thriller"
Mom's Friend,2015-08-20,91,0,0,7.0,24,14.4089,ko,Drama
Dead & Beautiful,2021-12-03,98,0,0,3.5,4,12.9335,en,Horror
Mrs. Doubtfire,1993-11-24,125,25000000,441286195,7.193,6398,14.5169,en,"Comedy, Drama, Family"
The Menu,2022-11-17,107,35000000,79628200,7.171,5728,13.6863,en,"Comedy, Horror, Thriller"
Beach Flags,2014-11-13,14,0,0,7.0,8,13.839,fa,Animation
Saiyaara,2025-07-18,150,5500000,63539300,6.332,119,14.1777,hi,"Romance, Drama, Music"
The Helsinki Effect,2025-02-21,88,0,0,7.917,6,13.7169,fi,"Documentary, History"
Nerve,2011-12-07,83,27500,0,6.9,6,31.9097,en,"Comedy, Drama"
Nerve,2011-12-07,83,27500,0,6.9,6,31.9097,en,"Comedy, Drama"
Mutual Relations,2015-12-01,90,0,0,6.5,19,14.5588,ko,"Comedy, Romance"
King Kong,2005-12-12,188,207000000,562363449,6.887,8261,13.1072,en,"Adventure, Drama, Action"
Batman Begins,2005-06-10,140,150000000,374218673,7.719,21987,13.7518,en,"Drama, Crime, Action"
Jaws,1975-06-20,124,7000000,470653000,7.7,11143,13.9223,en,"Horror, Thriller, Adventure"
Christmas Everlasting,2018-11-24,84,0,0,5.8,30,32.0674,en,"Romance, Drama, TV Movie"
Kung Fu Panda 4,2024-03-02,94,80000000,548040835,7.029,3282,13.6392,en,"Animation, Family, Action, Comedy, Adventure, Fantasy"
Se7en,1995-09-22,127,33000000,327311859,8.377,22316,13.2176,en,"Crime, Mystery, Thriller"
Léon: The Professional,1994-09-14,111,16000000,45284974,8.299,15585,13.8339,fr,"Crime, Drama, Action"
Alien,1979-05-25,117,11000000,104931801,8.167,15767,12.3633,en,"Horror, Science Fiction"
The Lorax,2012-03-01,86,70000000,349305397,6.518,3760,13.9185,en,"Animation, Family"
Mickey 17,2025-02-28,137,118000000,131847147,6.849,2896,14.3147,en,"Science Fiction, Comedy, Adventure"
The Equalizer,2014-09-24,132,55000000,192330738,7.282,9589,16.1482,en,"Thriller, Action, Crime"
Heretic,2024-10-31,111,10000000,51913394,6.971,2303,13.5636,en,"Horror, Thriller"
Iron Man,2008-04-30,126,140000000,585174222,7.654,27482,13.0735,en,"Action, Science Fiction, Adventure"
RRRrrrr!!!,2004-01-28,94,17820000,14054361,6.308,1221,13.2354,fr,Comedy
The Proposal,2009-06-02,108,40000000,317400000,7.151,7220,12.7451,en,"Comedy, Romance, Drama"
The Hangover,2009-06-02,100,35000000,469310836,7.328,17628,13.9521,en,Comedy
Big Hero 6,2014-10-24,102,165000000,657870525,7.727,16190,14.183,en,"Adventure, Family, Animation, Action, Comedy"
My Fault: London,2025-02-12,118,0,0,7.434,489,13.6013,en,"Drama, Romance"
Puss in Boots: The Last Wish,2022-12-07,103,90000000,484700000,8.21,8500,13.4581,en,"Animation, Adventure, Fantasy, Comedy, Family"
The Lion King,1994-06-15,89,45000000,763455561,8.255,19165,14.2381,en,"Family, Animation, Drama, Adventure"
Inside Out,2015-06-17,95,175000000,857611174,7.91,22942,13.7241,en,"Animation, Family, Adventure, Drama, Comedy"
They Were Witches,2025-09-08,100,20000,0,4.667,3,12.8373,es,Horror
The Rookie Guide,2025-04-02,85,0,0,4.641,39,13.086,fr,Comedy
Jurassic World Dominion,2022-06-01,147,583900000,1004004592,6.632,6743,14.2112,en,"Adventure, Action, Science Fiction"
Whiplash,2014-10-10,107,3300000,50307484,8.375,16085,14.1409,en,"Drama, Music"
Alice in Wonderland,2010-03-03,108,200000000,1025467110,6.636,14472,14.7619,en,"Family, Fantasy, Adventure"
Mean Girls,2004-04-30,96,17000000,130193514,7.222,9217,12.2625,en,"Drama, Comedy"
Flight Risk,2025-01-22,91,25000000,48701987,5.989,1023,14.5951,en,"Action, Thriller"
Howl's Moving Castle,2004-09-09,119,24000000,236049757,8.4,10629,13.5669,ja,"Fantasy, Animation, Adventure"
Killing Daddy,2014-07-05,85,0,0,7.105,100,8.563,en,"Thriller, Crime, Mystery, TV Movie"
IF,2024-05-08,104,110000000,190309707,7.02,1471,12.3752,en,"Comedy, Fantasy, Family"
Blade: Trinity,2004-12-08,123,65000000,128905366,5.9,4148,13.8048,en,"Action, Horror, Science Fiction"
Crying Wolf,2015-12-12,91,0,0,3.077,13,13.1437,en,"Comedy, Horror"
Dada,2023-02-10,135,0,0,7.438,16,11.9012,ta,"Drama, Comedy, Romance"
Spider-Man,2002-05-01,121,139000000,821708551,7.317,20051,12.6687,en,"Action, Science Fiction"
Saving Private Ryan,1998-07-24,169,70000000,481840909,8.221,16665,13.5228,en,"War, Drama, History"
The Brutalist,2024-12-20,215,9600000,50145227,6.963,1415,12.4518,en,"Drama, History"
Willie & Phil,1980-08-15,115,5500000,4400000,4.091,11,12.5708,en,"Comedy, Drama, Romance"
Willie & Phil,1980-08-15,115,5500000,4400000,4.091,11,12.5708,en,"Comedy, Drama, Romance"
Tales of the Bizarre: 1992 Winter Special,1992-12-30,0,0,0,0.0,0,7.924,ja,"TV Movie, Horror"
Solo Leveling -ReAwakening-,2024-11-26,116,0,6331827,7.027,244,13.2443,ja,"Action, Adventure, Fantasy, Animation"
Torture Chamber,2013-10-10,90,200000,0,3.3,19,13.4863,en,Horror
Warfare,2025-04-09,95,20000000,33649631,7.117,1128,12.7038,en,"War, Action"
The Devil’s Trap,2024-11-01,90,0,0,7.6,5,13.321,en,"Horror, Thriller"
Predators,2010-07-07,107,40000000,127200000,6.295,4423,12.7712,en,"Science Fiction, Action, Thriller"
STRAW,2025-06-05,105,0,0,7.806,870,12.0376,en,"Thriller, Drama, Crime"
The Monkey,2025-02-14,97,10000000,68871071,5.983,1107,12.7346,en,"Horror, Comedy"
Deadman Standing,2018-04-15,93,0,0,5.0,11,12.3101,en,"Thriller, Western"
Deadly Revenge,2013-12-15,92,0,0,3.857,7,12.1493,en,"Thriller, TV Movie"
Beauty and the Beast,1991-10-22,84,25000000,424967620,7.729,10382,12.7445,en,"Romance, Family, Animation, Fantasy"
Kung Fu Panda,2008-06-04,90,130000000,632091832,7.309,12211,13.5159,en,"Animation, Family, Comedy, Action, Adventure"
Melissa P.,2005-11-18,100,0,7450832,4.6,581,12.2142,it,Drama
Ask Me What You Want,2024-11-29,114,0,2265661,6.183,252,13.4514,es,"Romance, Drama"
Love Untangled,2025-08-28,121,0,0,8.42,131,19.6654,ko,"Romance, Drama, Comedy"
Audrie & Daisy,2016-09-23,95,0,0,7.142,194,13.4889,en,Documentary
GoodFellas,1990-09-12,145,25000000,47072327,8.5,13797,13.6461,en,"Drama, Crime"
Snow White,2025-03-19,109,270000000,205679463,4.298,1450,13.7227,en,"Family, Fantasy"
V/H/S/Halloween,2025-09-19,115,0,0,6.292,149,12.0052,en,"Horror, Thriller"
The Notebook,2004-06-25,123,29000000,115600000,7.892,12178,12.909,en,"Romance, Drama"
Real Steel,2011-09-28,127,110000000,299300000,7.063,8828,12.5894,en,"Action, Science Fiction, Drama"
Morbius,2022-03-30,105,75000000,167635712,5.935,4642,10.6363,en,"Action, Science Fiction, Fantasy"
The Hobbit: The Desolation of Smaug,2013-12-11,161,250000000,958400000,7.573,13763,12.9256,en,"Fantasy, Adventure, Action"
Blade Runner 2049,2017-10-04,164,150000000,259239658,7.586,14554,13.2292,en,"Science Fiction, Drama"
Loups=Garous,2010-08-28,99,0,0,4.8,18,12.5224,ja,"Science Fiction, Thriller, Drama, Mystery, Animation, Horror"
Heartbeast,2022-11-04,103,2434000,0,3.733,15,12.7128,fr,"Drama, Thriller"
Kisame Street,1976-12-25,0,0,0,0.0,0,9.1117,tl,Comedy
The Housemaid,2025-12-19,131,0,0,0.0,0,13.9967,en,"Mystery, Thriller"
re:solve,2014-02-27,107,0,0,6.5,1,6.2724,zh,"Thriller, Crime"
A Serbian Film,2010-01-06,104,0,0,5.447,2136,13.1618,sr,"Crime, Horror, Thriller"
Young Casanova,1974-11-20,86,0,0,4.3,6,14.391,fr,"Drama, Comedy"
Sing 2,2021-12-01,110,85000000,408402685,7.838,4656,13.3675,en,"Family, Comedy, Music, Animation"
American Reunion,2012-04-04,114,50000000,234989584,6.301,4572,12.3224,en,Comedy
Demon Slayer -Kimetsu no Yaiba- The Movie: Mugen Train,2020-10-16,117,15700000,523542183,8.2,4317,12.7778,ja,"Animation, Action, Fantasy, Thriller"
Kingdom of the Planet of the Apes,2024-05-08,145,160000000,397378150,7.057,3972,14.042,en,"Science Fiction, Adventure, Action"
Lovely Man,2011-09-30,72,0,0,5.2,8,12.7584,id,Drama
The Rose King,1986-03-03,106,0,0,6.4,19,12.8893,de,Drama
Counterattack,2025-02-27,85,0,0,8.27,765,12.6176,es,"Action, Adventure, Thriller"
Materialists,2025-06-12,116,20000000,97700000,6.489,876,12.9134,en,"Romance, Drama"
Shutter Island,2010-02-14,138,80000000,294804195,8.201,25085,14.2357,en,"Drama, Thriller, Mystery"
Mission: Impossible - Dead Reckoning Part One,2023-07-08,164,291000000,571125435,7.518,4736,13.0547,en,"Action, Thriller"
Dead Story,2017-01-20,81,0,0,3.829,38,13.4797,en,Horror
Eddington,2025-07-16,148,25000000,13570360,6.483,493,12.3562,en,"Western, Comedy, Crime"
The Witch: Part 2. The Other One,2022-06-15,137,0,23068596,7.348,405,13.1134,ko,"Action, Mystery, Thriller, Science Fiction"
Ramayana: Part One,2026-11-06,0,230000000,0,0.0,0,13.0437,hi,"Action, Drama, Fantasy"
The Hobbit: An Unexpected Journey,2012-12-12,169,250000000,1021103568,7.364,19125,12.8265,en,"Adventure, Fantasy, Action"
The Twits,2025-10-17,99,0,0,6.06,67,11.1167,en,"Animation, Comedy, Family, Fantasy"
Aztec Batman: Clash of Empires,2025-09-18,90,0,0,7.782,119,12.4757,es,"Animation, Action, Adventure, Fantasy"
Fury,2014-10-15,135,68000000,211817906,7.54,12580,13.2662,en,"War, Drama, Action"
Obsesyon,2025-07-04,0,0,0,7.0,7,12.6351,tl,"Drama, Romance"
How to Train Your Dragon,2010-03-18,98,165000000,495141736,7.853,13895,12.5346,en,"Fantasy, Adventure, Animation, Family"
Toy Story 3,2010-06-16,102,200000000,1067316101,7.803,15297,14.3741,en,"Animation, Family, Comedy"
Bugso,2022-12-26,104,0,0,4.9,10,11.6351,tl,Drama
The Little Mermaid,2023-05-18,135,297000000,569626289,6.3,3188,12.3293,en,"Adventure, Family, Fantasy, Romance"
Scared Topless,2015-10-01,80,0,0,4.293,29,11.293,en,"Comedy, Horror, Mystery, Romance"
Legends of the Condor Heroes: The Gallants,2025-01-29,147,0,81550000,6.9,74,12.2566,zh,"Action, Drama, History"
The Mummy Returns,2001-05-04,130,98000000,443280904,6.387,7404,12.3311,en,"Adventure, Action, Fantasy"
The Shining,1980-05-23,144,19000000,44781695,8.207,18361,12.7055,en,"Horror, Thriller"
Guardians of the Galaxy Vol. 3,2023-05-03,150,250000000,845550000,7.933,7798,13.021,en,"Science Fiction, Adventure, Action, Comedy"
The Curse of the Clown Motel,2023-12-07,84,3000000,0,4.0,18,14.3638,en,"Horror, Action"
The Terminator,1984-10-26,108,6400000,78371200,7.7,14000,15.2663,en,"Action, Thriller, Science Fiction"
Boyka: Undisputed IV,2016-08-01,87,0,413334,7.174,1410,12.7631,en,"Action, Drama, Thriller"
Brave,2012-06-21,93,185000000,538983207,7.021,13850,11.2118,en,"Animation, Adventure, Comedy, Family, Action, Fantasy"
Bent Time,1983-04-16,22,0,0,5.0,1,6.0937,en,
Keeper,2025-11-12,99,6000000,4365292,4.9,17,11.4448,en,"Horror, Mystery"
X,2022-03-17,106,1000000,15113105,6.7,3733,12.0895,en,"Horror, Thriller"
The Warrant,2020-02-06,90,0,0,5.9,27,14.3007,en,Western
Beautiful Things,2019-03-06,95,0,0,7.3,6,12.1857,it,Documentary
Jumanji 3,2026-12-09,0,0,0,0.0,0,13.7221,en,Fantasy
Kobe Doin' Work,2009-05-16,88,0,0,6.5,20,7.1292,en,Documentary
The Mission,2023-10-13,103,0,0,6.762,21,11.4702,en,Documentary
Dead Body,2017-10-17,85,0,0,5.129,35,12.6336,en,"Horror, Mystery"
Case 137,2025-11-19,115,0,0,6.725,40,12.1281,fr,"Crime, Drama"
Man of Steel,2013-06-12,143,225000000,668045518,6.64,15783,13.2648,en,"Action, Adventure, Science Fiction"
Pan's Labyrinth,2006-10-11,118,19000000,83258226,7.8,11121,12.8644,es,"Fantasy, Drama, War"
Dodo,2022-08-10,135,0,0,4.962,13,10.9893,el,"Drama, Romance, Comedy"
Good Will Hunting,1997-12-05,127,10000000,225900000,8.157,13272,12.705,en,Drama
Homo Argentum,2025-08-14,98,0,16870,5.5,11,12.1636,es,Comedy
10 Things I Hate About You,1999-03-30,97,16000000,53478166,7.59,8624,12.1033,en,"Comedy, Romance, Drama"
10 Things I Hate About You,1999-03-30,97,16000000,53478166,7.59,8624,12.1033,en,"Comedy, Romance, Drama"
Dark Nature,2023-05-19,85,0,0,4.744,41,12.2655,en,Horror
Spider-Man 3,2007-05-01,139,258000000,894983373,6.4,14786,12.2763,en,"Action, Adventure, Science Fiction"
Rajma Chawal,2018-10-13,129,0,0,6.5,21,12.7525,hi,"Comedy, Drama, Family"
Spider-Man: Far From Home,2019-06-28,129,160000000,1131927996,7.399,16465,12.1816,en,"Action, Adventure, Science Fiction"
Among Giants,1998-06-24,93,0,0,4.571,7,17.3003,en,"Comedy, Romance"
Martin Roumagnac,1946-12-18,115,0,0,6.6,18,12.3127,fr,"Crime, Drama, Romance"
Memento,2000-10-11,113,9000000,40047236,8.178,15690,12.6923,en,"Mystery, Thriller"
Obsessed,2014-05-14,132,0,0,6.682,77,11.6095,ko,Drama
A Sweet Woman,1976-06-06,104,0,0,4.1,8,15.2376,ru,"Romance, Drama, Comedy"
Furby Island,2005-01-02,45,0,0,4.0,3,11.7702,en,Animation
Playtime,1995-05-23,98,0,0,2.9,8,15.5838,en,"Drama, Romance"
Katie Tippel,1975-03-06,102,0,0,6.4,53,11.6801,nl,"Drama, History"
Hachi: A Dog's Tale,2009-06-08,93,16000000,46800000,8.012,6974,11.8662,en,"Drama, Family"
WALL·E,2008-06-22,98,180000000,521311860,8.104,19675,11.8244,en,"Animation, Family, Science Fiction"
The Piano Teacher,2001-09-05,131,6200000,6766708,7.257,1200,11.3601,fr,"Drama, Romance"
Guardians of the Galaxy Vol. 2,2017-04-19,137,200000000,863756051,7.612,22421,11.6745,en,"Science Fiction, Adventure, Action"
Stay Forte,2025-11-20,108,0,0,0.0,0,11.4661,he,Drama
Finding Nemo,2003-05-30,100,94000000,940335536,7.817,20060,13.0533,en,"Animation, Family"
Contamination,1980-08-02,95,0,0,5.2,140,12.6589,en,"Science Fiction, Horror"
The Hexecutioners,2015-10-21,95,0,0,4.293,29,12.2907,en,Horror
PSYCHO-PASS: The Movie,2015-01-09,113,0,0,7.0,231,12.7541,ja,"Animation, Science Fiction, Action"
Sibak: Midnight Dancers,1994-09-09,120,0,0,4.7,6,11.6285,tl,"Drama, Crime"
Young Hearts,2024-10-26,99,0,129692,8.48,175,14.5258,nl,"Drama, Romance"
Roald Dahl's Esio Trot,2015-01-02,87,0,0,6.7,124,12.3147,en,"Romance, Comedy"
Chicken Little,2005-11-04,81,150000000,314400000,5.903,4054,11.8212,en,"Animation, Family, Comedy"
Taken 3,2014-12-16,109,48000000,325800000,6.264,5986,11.5915,en,"Thriller, Action"
Dead End,2012-03-08,82,0,0,3.9,15,11.6193,en,"Horror, Thriller"
Die Hard,1988-07-15,132,28000000,140767956,7.802,11799,13.5071,en,"Action, Thriller"
Bride Hard,2025-06-19,105,20000000,0,5.584,132,12.5871,en,"Action, Comedy"
The Book of Sijjin & Illiyyin,2025-07-17,98,0,0,7.4,4,12.379,id,"Horror, Thriller"
Silent Friend,2026-01-21,145,0,0,0.0,0,13.451,de,Drama
Long Distance,2024-07-12,87,0,0,6.516,213,14.0311,en,"Science Fiction, Comedy, Action"
Beach House,1977-10-27,106,0,0,6.369,71,12.4496,it,Comedy
Cash Out,2024-04-26,90,0,0,6.241,220,11.2415,en,"Action, Thriller"
"Red, White & Royal Blue",2023-07-27,118,0,0,7.943,1455,12.2788,en,"Comedy, Romance"
Chateau Christmas,2020-10-25,84,0,0,6.3,46,11.1574,en,"Romance, TV Movie"
El Apocalipsis de san Juan,2024-10-07,110,0,0,8.383,60,11.0846,es,"Documentary, History"
Son of Border Crisis,1992-01-01,16,0,0,0.0,0,11.1291,en,
Westward Ho,1935-08-19,61,0,0,5.3,19,12.6824,en,"History, Western"
Butchers Book Two: Raghorn,2024-02-29,88,0,0,4.684,19,12.0428,en,Horror
Conan the Barbarian,1982-03-16,130,20000000,73951475,6.807,2667,12.3797,en,"Adventure, Fantasy, Action"
A Line of Fire,2025-04-05,86,0,0,6.077,52,12.515,en,"Action, Thriller"
Isis Rising: Curse of the Lady Mummy,2013-01-17,79,0,0,2.4,18,12.234,en,Horror
Ryde,2017-09-15,84,0,0,4.4,95,11.8268,en,"Thriller, Horror, Crime"
Toy Story 2,1999-10-30,92,90000000,497375381,7.604,14482,13.0234,en,"Animation, Comedy, Family"
Before the Frost,2019-01-10,104,0,0,6.167,30,12.5998,da,Drama
Waimea,2020-07-15,10,6000,0,0.0,0,7.4278,en,Comedy
Time Addicts,2023-10-27,93,0,0,6.1,26,11.3756,en,"Science Fiction, Crime, Thriller"
Trust,2025-08-22,86,0,368356,5.824,54,9.9543,en,Thriller
Me Before You,2016-06-01,110,20000000,207945075,7.926,12896,13.0131,en,"Drama, Romance"
Step Brothers,2008-07-25,98,65000000,128100000,6.6,3274,11.4818,en,Comedy
Platoon,1986-12-19,120,6000000,138530565,7.746,4869,12.1769,en,"Drama, War, Action"
Elf,2003-11-07,97,32000000,228500000,6.657,4314,12.2119,en,"Comedy, Family, Fantasy"
Dìdi (弟弟),2024-07-26,94,0,5067608,7.162,173,12.1299,en,"Comedy, Drama"
The Suicide Squad,2021-07-28,132,185000000,168717425,7.478,9240,12.7627,en,"Action, Comedy, Adventure"
Spider-Man: Into the Spider-Verse,2018-12-06,117,90000000,393602435,8.395,16620,12.5953,en,"Animation, Action, Adventure, Science Fiction"
Mad Max: Fury Road,2015-05-13,121,150000000,378858340,7.628,23530,11.2038,en,"Action, Adventure, Science Fiction"
Creation of the Gods II: Demon Force,2025-01-29,145,120000000,172619925,6.439,114,12.856,zh,"Action, Fantasy, War"
Life Is Beautiful,1997-12-20,116,20000000,230098753,8.44,13648,13.7544,it,"Comedy, Drama"
Caught Stealing,2025-08-26,107,40000000,31101846,6.901,543,12.1038,en,"Crime, Thriller, Comedy"
Evolution,2021-08-01,97,0,0,5.8,28,11.6277,hu,Drama
Doctor Strange in the Multiverse of Madness,2022-05-04,126,290000000,955775804,7.239,9888,11.3816,en,"Fantasy, Action, Adventure"
My Oxford Year,2025-07-31,113,0,0,7.042,480,11.977,en,"Romance, Comedy, Drama"
Busy Bodies,1933-10-07,19,0,0,7.3,86,11.5859,en,Comedy
Rurouni Kenshin: The Beginning,2021-06-04,138,0,0,7.7,507,11.2979,ja,"Action, Adventure, Drama, Romance"
The Exiles,2025-05-23,110,0,0,6.6,7,12.6728,es,Drama
Don't Listen,2020-07-24,98,0,443458,6.488,780,16.9494,es,"Drama, Horror, Thriller"
Eternity,2025-11-26,114,0,0,7.214,7,12.8172,en,"Romance, Comedy, Fantasy"
Another WolfCop,2017-12-01,82,0,0,5.659,69,11.1933,en,"Horror, Comedy"
Knives Out,2019-11-27,131,40000000,312897920,7.844,13259,11.4189,en,"Comedy, Crime, Mystery"
Kingdom of Heaven,2005-05-03,144,130000000,218366336,7.005,4677,11.353,en,"Drama, Action, Adventure, History, War"
Terrifier 3,2024-10-09,125,2000000,90322103,6.814,1814,13.6162,en,"Horror, Thriller"
Rape Zombie: Lust of the Dead,2012-07-13,73,0,0,6.5,239,11.8612,ja,"Comedy, Horror"
Anaconda,2024-03-01,84,0,0,7.2,113,12.1994,zh,"Adventure, Horror, Thriller"
Fran the Man,2025-04-11,89,0,0,6.083,12,10.3184,en,"Comedy, Drama"
The Woman in Cabin 10,2025-10-09,95,0,0,6.201,683,11.4884,en,"Mystery, Thriller, Crime"
Ladies' Doctor,1977-09-13,77,0,0,4.294,17,9.9779,it,Comedy
Dead Shot,2023-08-18,92,0,0,5.371,66,11.11,en,"Action, Thriller"
The People In The Walls,2024-08-01,93,0,0,5.2,6,12.1827,en,"Horror, Thriller, Mystery"
Slim Susie,2003-10-03,97,1725000,0,6.7,83,12.0772,sv,"Comedy, Crime"
Wicked Minds,2003-03-01,93,0,0,6.3,49,12.0201,en,"Mystery, Drama, Romance, Thriller, TV Movie"
Notting Hill,1999-05-21,124,42000000,363889678,7.3,6484,13.0782,en,"Romance, Comedy"
The Idea of You,2024-05-02,116,0,36178,7.3,1813,11.3471,en,"Romance, Drama, Comedy"
The Girl Next Door,2004-04-09,110,21000000,31635150,6.735,3830,10.9956,en,"Comedy, Romance"
The Innocents,2016-02-10,115,0,1063893,7.063,415,12.3469,fr,"Drama, History"
Avengers: Age of Ultron,2015-04-22,141,235000000,1405403694,7.271,23871,11.8409,en,"Action, Adventure, Science Fiction"
Fatima,2020-08-13,113,0,0,7.208,192,11.4866,en,Drama
Divine Words,1987-09-15,107,0,0,5.0,9,12.349,es,Drama
The Rats: A Witcher Tale,2025-10-29,83,0,0,5.195,82,12.5149,en,"Fantasy, Drama, Adventure"
Yellow Rock,2011-11-01,89,0,0,5.1,17,10.5994,en,Western
Sweet Revenge,2025-08-13,16,0,0,5.4,10,11.7236,en,"Horror, Thriller"
In the Lost Lands,2025-02-27,102,55000000,4755330,6.403,644,11.7086,en,"Action, Fantasy, Western"
Dog Man,2025-01-24,89,40000000,145550471,7.64,307,11.386,en,"Family, Comedy, Adventure, Animation, Action"
Dead Awake,2016-09-28,99,0,0,5.176,159,10.1032,en,"Horror, Thriller"
Everything Everywhere All at Once,2022-03-24,140,25000000,139200000,7.728,7460,11.9446,en,"Action, Adventure, Science Fiction"
Dayo,2024-04-19,112,0,0,4.4,5,12.1161,tl,Drama
Corpse Bride,2005-09-12,77,40000000,118133252,7.583,9887,11.3452,en,"Romance, Fantasy, Animation"
Hot Tub Time Machine 2,2015-02-20,93,36000000,64800000,5.2,976,15.9187,en,Comedy
Pride & Prejudice,2005-09-16,127,28000000,124604345,8.058,8486,11.089,en,"Drama, Romance"
Get Fast,2024-12-12,88,0,0,5.774,32,11.7423,en,"Action, Crime, Thriller"
The Bad Guys,2022-03-17,100,80000000,250162278,7.537,2387,11.4922,en,"Family, Comedy, Crime, Adventure, Animation, Action"
Damsel,2024-03-07,107,60000000,5000,6.997,2599,11.617,en,"Fantasy, Action, Adventure"
Certain Fury,1985-03-01,87,0,1400000,4.909,22,11.343,en,"Action, Crime, Drama"
The Game,1997-09-12,129,50000000,109423648,7.567,7045,10.6818,en,"Drama, Thriller, Mystery"
Aarya,2004-05-07,151,0,0,6.5,42,12.2869,te,"Drama, Action, Romance"
Tuberose,2022-10-28,87,0,0,0.0,0,10.3143,ja,Drama
The Body,1974-03-06,89,0,0,4.5,11,11.3868,it,"Drama, Thriller"
Heart Eyes,2025-02-06,97,18000000,33129099,6.4,378,11.0405,en,"Horror, Comedy, Romance"
Fast X: Part 2,,0,0,0,0.0,0,11.8171,en,"Action, Crime, Thriller"
Jumanji: The Next Level,2019-12-04,123,125000000,801693929,6.886,9083,10.2792,en,"Adventure, Comedy, Fantasy"
Groom & Two Brides,2025-11-06,0,0,0,6.882,17,10.5082,ar,"Romance, Comedy"
The Devil Wears Prada,2006-06-29,109,35000000,326706115,7.391,12617,11.8733,en,"Drama, Comedy"
Barcelona sur,1981-03-26,101,0,0,4.273,11,11.4556,es,Drama
The Twilight Saga: Breaking Dawn - Part 2,2012-11-13,115,120000000,829747654,6.5,9195,11.2949,en,"Adventure, Fantasy, Drama, Romance"
Selena y Los Dinos: A Family's Legacy,2025-01-26,117,0,0,9.4,15,11.2232,en,"Documentary, Music"
Flow,2014-05-08,89,0,0,5.429,7,12.3113,da,Drama
No Tears in Hell,2025-10-29,105,0,0,8.625,4,11.3683,en,"Horror, Crime"
The Prowler,1951-05-25,93,0,0,6.8,90,11.2186,en,"Drama, Thriller"
Pixels,2015-07-16,106,88000000,244874809,5.8,7836,11.1617,en,"Action, Comedy, Science Fiction, Fantasy"
I Know What You Did Last Summer,2025-07-16,111,18000000,64763086,5.8,545,11.2748,en,"Horror, Mystery, Thriller"
Stockholm Bloodbath,2024-01-19,145,0,0,6.179,39,11.2915,en,"Action, History, Drama, Adventure, War"
St. Vincent,2014-10-09,102,13000000,54837234,7.115,1996,10.8046,en,Comedy
Pearl,2022-09-16,102,1000000,10139416,7.241,2388,11.537,en,"Horror, Thriller"
Lovely Boy,2021-09-10,105,0,0,6.0,46,12.7053,it,"Drama, Music"
Saturn in Opposition,2007-02-23,110,5500000,11203911,6.9,395,12.184,it,Drama
"If You Believe It, It's So",1922-07-02,70,0,0,0.0,0,7.7311,en,"Crime, Drama, Romance"
Creed,2015-11-25,133,37000000,173600000,7.408,7747,11.5494,en,"Drama, Action"
The Ritual,2025-04-18,98,0,3195869,5.919,241,10.768,en,"Horror, Drama, Thriller"
Godzilla: King of the Monsters,2019-05-29,132,170000000,387300138,6.696,6482,12.0475,en,"Science Fiction, Action"
Responsible Child,2019-12-16,87,0,0,6.556,18,11.263,en,"Drama, TV Movie"
Deadpool,2016-02-09,108,58000000,782837347,7.622,32092,10.9392,en,"Action, Adventure, Comedy"
The Kangaroo Conspiracy,2022-08-25,101,0,0,6.012,41,12.0489,de,Comedy
The Garfield Movie,2024-04-30,101,60000000,254907482,7.03,1353,12.4082,en,"Family, Comedy, Adventure, Animation"
Elemental,2023-06-14,102,200000000,496444308,7.594,5036,11.409,en,"Family, Fantasy, Comedy, Romance, Animation"
Elsa & Fred,2014-03-07,97,10000000,0,6.0,96,11.611,en,"Drama, Comedy, Romance"
2001: A Space Odyssey,1968-04-02,149,12000000,71923560,8.063,12169,10.1292,en,"Science Fiction, Mystery, Adventure"
Thor,2011-04-21,115,150000000,449326618,6.769,21879,11.1937,en,"Adventure, Fantasy, Action"
Lady Avenger,1988-07-01,82,0,0,2.375,8,11.9345,en,Action
Saltburn,2023-11-16,131,20000000,21013738,6.965,2707,10.0767,en,"Drama, Comedy, Thriller"
Saltburn,2023-11-16,131,20000000,21013738,6.965,2707,10.0767,en,"Drama, Comedy, Thriller"
Killing Faith,2025-10-03,108,7000000,0,4.233,15,11.5439,en,"Thriller, Western"
Divergent,2014-03-14,140,85000000,288885818,6.9,13186,10.1221,en,"Action, Adventure, Science Fiction"
The Outing,1987-09-11,87,2000000,1083395,5.0,72,11.4392,en,Horror
Aashiqui 2,2013-04-26,132,1300000,16000000,6.791,177,11.0342,hi,"Drama, Romance"
Eyes Wide Shut,1999-07-16,159,65000000,162100000,7.484,6676,10.3521,en,"Drama, Thriller, Mystery"
Terminator 2: Judgment Day,1991-07-03,137,102000000,520000000,8.135,13712,12.8941,en,"Action, Thriller, Science Fiction"
Frau Ella,2013-10-17,105,0,0,6.453,75,10.528,de,Comedy
Death of a Unicorn,2025-03-27,107,15000000,16413285,6.424,620,11.7015,en,"Horror, Fantasy, Comedy"
First Taste,2024-08-07,99,0,0,5.0,7,11.3947,tl,"Romance, Drama"
The Abyss,1989-08-09,140,43000000,90000098,7.344,3258,10.6847,en,"Adventure, Thriller, Science Fiction"
Zombie Nation,2004-10-05,81,1500,0,2.787,47,11.6575,en,Horror
Belén,2025-09-18,105,0,0,7.794,17,10.6133,es,Drama
The Princess and the Frog,2009-12-08,98,105000000,270997378,7.2,5931,11.3765,en,"Animation, Romance, Fantasy, Family"
The Dark Knight Rises,2012-07-17,165,250000000,1081041287,7.789,23725,11.4797,en,"Action, Crime, Drama, Thriller"
The Tomorrow War,2021-09-03,138,200000000,14400000,7.488,3883,11.7461,en,"Action, Science Fiction, Adventure"
Carnaval,2021-06-02,94,0,0,5.1,78,9.4071,pt,Comedy
The Thicket,2024-09-05,105,0,0,6.5,131,10.9178,en,"Western, Crime, Thriller"
Corsicana,2022-08-26,102,0,0,4.0,6,11.0014,en,"Western, Drama"
Ready Player One,2018-03-28,140,175000000,607274134,7.585,16384,11.4945,en,"Adventure, Action, Science Fiction"
The Abandoned,2023-09-08,104,0,0,6.287,54,5.9605,zh,"Drama, Mystery, Crime, Thriller"
Dead Awake,2010-12-03,92,3500000,0,4.6,40,10.8162,en,"Fantasy, Mystery, Thriller, Romance"
12A Railway Colony,2025-11-21,125,0,0,0.0,0,8.688,te,
Training Day,2001-10-05,122,45000000,104900000,7.508,6323,11.3798,en,"Action, Crime, Drama"
Zebra Lounge,2001-10-04,93,0,0,4.262,42,11.9162,en,Thriller
The Burning Sea,2021-10-29,104,8300000,2836382,6.597,278,11.7727,no,"Action, Thriller, Drama"
Shooter,2007-03-22,124,61000000,95700000,7.123,5227,10.577,en,"Drama, Action, Thriller"
Deadly Weapons,1974-04-05,75,0,0,3.825,40,11.0351,en,"Crime, Drama"
"The Way of the Cross, The Story of Ancient Rome",1909-08-21,13,0,0,0.0,0,9.3862,en,Drama
Cocoon,2020-08-13,99,0,0,6.0,42,11.506,de,"Drama, Romance"
The Day the Earth Blew Up: A Looney Tunes Movie,2024-08-01,91,15000000,15076954,7.7,176,12.1537,en,"Family, Comedy, Adventure, Animation, Science Fiction"
Transformers: Rise of the Beasts,2023-06-06,127,195000000,441381193,7.201,5083,11.2788,en,"Science Fiction, Adventure, Action"
Timecop,1994-09-15,98,28000000,128953581,6.0,1247,25.1652,en,"Thriller, Science Fiction, Action, Crime"
Shrek 2,2004-05-19,92,150000000,935454538,7.305,13027,11.0579,en,"Animation, Family, Comedy, Fantasy, Adventure, Romance"
Braveheart,1995-05-24,178,72000000,213216216,7.941,10713,11.7033,en,"Action, Drama, History, War"
Summer Survivors,2019-04-19,91,0,0,7.2,20,10.4033,lt,Drama
The Hunger Games: The Ballad of Songbirds & Snakes,2023-11-15,157,100000000,337371917,7.0,3273,10.5981,en,"Science Fiction, Action"
"Otto; or, Up with Dead People",2008-01-19,94,0,11295,5.279,52,11.4539,en,"Drama, Horror, Comedy"
John Proctor Is the Villain,,0,0,0,0.0,0,13.4863,en,"Drama, Comedy"
Dead Awake,2001-11-06,100,0,0,4.026,19,9.5224,en,"Thriller, Romance"
Dead Awake,2001-11-06,100,0,0,4.026,19,9.5224,en,"Thriller, Romance"
Heat,1995-12-15,170,60000000,187400000,7.922,7929,10.3744,en,"Crime, Drama, Action"
The Devil's Bride,2025-01-16,78,0,0,6.75,8,11.3102,id,"Horror, Thriller"
Sneakers,1992-09-09,126,23000000,105232691,6.898,1000,7.9541,en,"Comedy, Crime, Drama"
Antigang,2015-08-19,92,0,3056677,5.848,353,9.8579,fr,"Action, Drama"
Presence,2025-01-17,84,2000000,10498407,6.093,610,11.6449,en,"Horror, Thriller, Drama"
Spinal Tap II: The End Continues,2025-09-12,84,22600000,1674926,6.9,30,10.259,en,"Music, Comedy"
Bambi: The Reckoning,2025-07-11,80,325000,534030,5.604,96,10.7191,en,"Horror, Thriller"
Teenage Mutant Ninja Turtles,2014-08-07,101,125000000,485004754,5.924,7029,11.1696,en,"Science Fiction, Action, Adventure, Comedy"
Eat It,1968-01-01,84,0,0,3.3,3,10.4915,it,Comedy
Cars 3,2017-06-15,102,175000000,383925276,6.855,6198,11.1771,en,"Animation, Adventure, Comedy, Family"
Urchin,2025-10-03,100,0,0,6.885,14,10.5409,en,Drama
Moana,2026-07-08,0,0,0,0.0,0,10.5489,en,"Family, Fantasy, Comedy, Adventure"
The Portrait,2017-12-25,120,493500,0,7.0,4,11.9802,tl,"Drama, Family, History, Music"
The Lost City of Z,2017-03-15,141,30000000,8574339,6.395,3008,7.2077,en,"Adventure, Drama, History"
Gunslingers,2025-04-11,104,0,0,6.4,80,11.2676,en,"Western, Action"
Mystic River,2003-10-08,138,25000000,156800000,7.741,7146,10.7108,en,"Thriller, Crime, Drama, Mystery"
Carry-On,2024-12-05,120,47000000,0,6.892,2493,10.607,en,"Thriller, Action"
Intrusion,2021-09-22,93,0,0,5.938,729,10.9319,en,"Drama, Mystery, Thriller"
La La Land,2016-12-01,129,30000000,509183536,7.898,17641,10.7576,en,"Comedy, Drama, Romance"
Christmas at Mistletoe Manor,2025-12-07,84,0,0,0.0,0,14.1237,en,"TV Movie, Comedy, Romance"
Almost Dead,1994-03-20,92,0,0,5.7,14,10.9816,fr,"Horror, Thriller, Mystery"
Sacred,2009-09-03,89,0,0,6.5,17,12.1894,id,Horror
Black Pumpkin,2018-09-28,91,0,0,5.2,14,11.6002,en,Horror
Dirty Angels,2024-12-11,104,35954590,0,6.184,343,12.0394,en,"Action, Drama, Thriller, War"
ReGOREgitated Sacrifice,2008-06-13,66,0,0,3.2,47,11.0859,en,Horror
Drive,2011-09-15,100,15000000,78100000,7.582,13198,10.4047,en,"Drama, Thriller, Crime"
Street Flow 2,2023-09-27,98,0,0,6.172,87,12.1062,fr,Drama
Curling King,2011-09-23,86,0,0,5.9,30,11.417,no,Comedy
The Sadist,1963-04-01,92,0,0,6.3,52,9.9558,en,"Horror, Thriller"
The Veteran,2011-04-29,98,0,0,5.8,128,10.9409,en,"Action, Crime, Thriller"
Pretty Woman,1990-03-23,120,14000000,463406268,7.46,8698,11.152,en,"Romance, Comedy"
The Missionary,1982-11-02,90,0,7241180,5.5,51,11.2926,en,Comedy
The Keep,1983-12-16,96,6000000,3661757,5.6,294,11.1795,en,"Horror, Fantasy"
Mayday,2019-09-10,76,1000000,0,5.308,13,10.4866,en,"Horror, Fantasy, Thriller"
The Accountant²,2025-04-23,133,80000000,102123366,7.12,1475,11.07,en,"Mystery, Crime, Thriller"
Megamind,2010-10-28,96,130000000,321885765,7.0,7229,11.1014,en,"Animation, Action, Comedy, Family, Science Fiction"
The Walls of Malapaga,1949-09-19,95,0,0,6.5,30,11.2076,fr,"Drama, Romance"
Holidate,2020-10-27,104,0,0,6.986,2285,11.0881,en,"Comedy, Romance"
The Conjuring: The Devil Made Me Do It,2021-05-25,111,39000000,206444123,7.379,6336,11.1408,en,"Horror, Mystery, Thriller"
Holidate,2020-10-27,104,0,0,6.986,2285,11.0881,en,"Comedy, Romance"
The Conjuring: The Devil Made Me Do It,2021-05-25,111,39000000,206444123,7.379,6336,11.1408,en,"Horror, Mystery, Thriller"
The Magic Quill,2018-11-29,99,0,0,6.348,23,10.3533,cs,"Fantasy, Family"
The Doll,1919-12-05,66,0,0,7.376,85,11.2423,de,"Comedy, Fantasy, Romance"
Black Circle,2019-08-23,90,0,0,5.5,11,11.7811,sv,"Mystery, Horror"
Mayday,2021-10-01,100,0,3660,4.9,56,11.191,en,"Mystery, Fantasy, Drama"
Family Matters,2022-12-25,134,0,0,10.0,1,10.5136,tl,Drama
PAW Patrol: The Mighty Movie,2023-09-21,88,30000000,202231360,7.0,524,11.6858,en,"Family, Comedy, Adventure, Animation"
She Said Maybe,2025-09-18,108,0,0,5.909,44,10.233,de,"Comedy, Romance, Drama"
Vala: Story of a Bangle,2025-09-18,132,0,0,6.5,2,10.3674,ml,Drama
True Grit,2010-12-22,110,38000000,252300000,7.307,5547,10.0375,en,"Drama, Adventure, Western"
Little Man,2006-08-31,98,64000000,101600000,5.926,1837,10.9533,en,"Comedy, Crime"
Blue Movie,1971-07-16,88,0,0,4.5,11,11.8215,nl,Drama
The Conjuring 2,2016-06-08,134,40000000,322819915,7.294,8944,10.105,en,Horror
Unfaithful,2002-05-10,124,50000000,119137784,6.675,1634,10.922,en,"Thriller, Drama, Romance"
Shutter,2008-03-21,85,0,0,5.556,786,9.5742,en,"Horror, Mystery, Thriller"
A Cinderella Christmas Ball,2024-11-29,86,0,0,5.682,11,10.9074,en,"Romance, Comedy"
Evolver,1995-02-10,90,0,0,5.223,47,10.123,en,"Action, Horror, Science Fiction"
Dead Reckoning,2020-11-13,91,0,0,5.7,45,9.4541,en,Thriller
Hometown Holiday,2018-11-09,84,0,0,5.3,24,10.5946,en,"TV Movie, Romance"
Humanité,1999-09-10,149,0,0,6.668,110,11.3884,fr,"Drama, Mystery"
The Testament of Ann Lee,2025-12-25,137,10000000,0,0.0,0,10.8613,en,"Drama, Music, History"
Cars,2006-06-08,117,120000000,461983149,7.015,14696,11.331,en,"Animation, Adventure, Comedy, Family"
My Annoying Brother,2024-10-24,114,0,0,8.0,3,8.8691,id,"Comedy, Drama"
Wreck-It Ralph,2012-11-01,101,165000000,471222889,7.353,12778,10.7331,en,"Family, Animation, Comedy, Adventure"
The Godfather Part III,1990-12-25,162,54000000,136766062,7.416,6597,11.6057,en,"Crime, Drama, Thriller"
Shot Caller,2017-07-07,121,0,0,6.956,2149,11.3405,en,"Crime, Drama, Thriller"
Autumn Almanac,1984-08-15,119,0,0,7.0,44,10.3751,hu,Drama
William Tell,2025-01-17,133,0,264637,6.246,189,11.2362,en,"Action, Adventure, Drama, History"
Sleepy Hollow,1999-11-19,105,100000000,206071526,7.187,7148,9.592,en,"Fantasy, Thriller, Mystery, Horror"
Deadly Messages,1985-02-21,90,0,0,5.444,9,10.0275,en,"Horror, TV Movie"
Dead Fish,2005-10-11,94,0,0,5.443,49,11.7294,en,"Thriller, Adventure, Action, Comedy"
Nosferatu,2024-12-25,133,50000000,181764515,6.7,3259,9.7599,en,"Horror, Fantasy"
Call Me by Your Name,2017-07-28,132,3500000,43143046,8.1,12499,11.1943,en,"Romance, Drama"
Sentimental Value,2025-08-20,135,7800000,6757440,7.61,92,11.6976,no,Drama
Crocodile Dundee,1986-09-26,97,5000000,328203506,6.421,2017,11.0508,en,"Adventure, Comedy"
The Challenge,1958-09-11,87,0,0,6.5,19,11.1421,it,Drama
Pacific Rim,2013-07-11,131,180000000,411000000,6.915,12993,9.6695,en,"Action, Science Fiction, Adventure"
CSI: Immortality,2015-09-27,87,0,0,7.2,66,10.6197,en,"Crime, Mystery, TV Movie"
Assassin,2025-09-26,0,0,0,4.4,8,10.5966,zh,Action
The Voyeurs,2021-08-25,117,0,0,6.528,1085,11.1403,en,Thriller
That They May Face the Rising Sun,2024-04-26,111,0,0,7.2,9,10.4784,en,Drama
The Hangover Part II,2011-05-25,102,80000000,586764305,6.498,10959,10.6219,en,Comedy
Death Wish,2018-03-01,107,30000000,34017028,6.208,2680,10.6699,en,"Action, Crime, Thriller, Drama"
The Patriot,2000-06-28,165,110000000,215294342,7.184,4138,11.022,en,"Drama, History, War, Action"
"Oh, Hi!",2025-07-25,95,0,2086515,6.167,78,11.1086,en,"Romance, Comedy, Thriller"
The Power of the Present,2017-06-27,140,0,0,8.5,14,12.563,en,Documentary
Speedy Gonzales,1955-09-17,7,0,0,7.0,121,10.2174,en,"Animation, Family, Comedy, Western"
High Rollers,2025-03-14,101,0,0,6.382,72,9.7921,en,"Action, Crime, Thriller"
Oldboy,2003-11-21,120,3000000,17500000,8.246,9369,10.9101,ko,"Drama, Thriller, Mystery, Action"
Oleanna,1994-11-04,87,0,124693,6.2,55,12.789,en,Drama
Avengers: Doomsday,2026-12-17,0,0,0,0.0,0,11.1725,en,"Science Fiction, Action"
The Amazing Spider-Man,2012-06-23,136,215000000,757930663,6.723,18062,12.0427,en,"Action, Adventure, Science Fiction"
"Crazy, Stupid, Love.",2011-07-29,118,50000000,145079584,7.269,8976,10.701,en,"Comedy, Drama, Romance"
Treasure Planet,2002-11-26,96,140000000,109578115,7.6,4455,11.2717,en,"Science Fiction, Adventure, Animation, Family, Fantasy"
The Three Superboys Strike Again,1976-01-01,91,0,0,6.5,8,11.3411,tr,"Comedy, Adventure, Crime"
Edward Scissorhands,1990-12-07,105,20000000,86024005,7.719,13431,11.5986,en,"Fantasy, Drama, Romance"
Scooby-Doo,2002-06-14,87,84000000,275650703,6.1,4642,11.0908,en,"Mystery, Adventure, Comedy"
The Circle,2015-02-18,144,0,0,5.363,73,11.3767,sv,"Drama, Fantasy, Mystery, Thriller, Horror"
Deadly Assistant,2019-05-17,84,0,0,4.167,12,9.9887,en,"Drama, TV Movie"
Deadly Assistant,2019-05-17,84,0,0,4.167,12,9.9887,en,"Drama, TV Movie"
Last Christmas,2019-11-07,102,30000000,121600000,7.207,2512,10.927,en,"Comedy, Romance"
"The Good, the Bad and the Ugly",1966-12-22,161,1200000,38900000,8.464,9265,11.2788,it,Western
The Farthest,2018-03-15,121,0,0,7.795,61,11.59,en,Documentary
Luiz Gonzaga - Tyrant League,2025-08-21,0,0,0,0.0,0,9.8539,pt,"Drama, History"
Stopmotion,2024-02-22,94,0,778500,6.201,199,11.6319,en,"Horror, Animation"
The Secret Agent,2025-07-23,161,5000000,18558,8.3,68,9.7947,pt,"Crime, Drama, Thriller"
The Twilight Saga: Breaking Dawn - Part 1,2011-11-16,117,110000000,712171856,6.2,9088,10.3946,en,"Adventure, Fantasy, Romance"
Migration,2023-12-06,83,72000000,298776052,7.379,2130,10.3941,en,"Family, Comedy, Adventure, Animation"
Jujutsu Kaisen 0,2021-12-24,105,0,195870885,8.122,1582,10.8223,ja,"Animation, Action, Fantasy"
2nd Chance,2022-12-02,89,0,5267,6.6,10,11.2193,en,"Documentary, History"
John Wick: Chapter 2,2017-02-08,122,40000000,171539887,7.34,13799,10.8098,en,"Action, Thriller, Crime"
Ripper Untold,2021-06-28,85,0,0,6.1,164,10.0039,en,Horror
The 33D Invader,2011-10-06,82,0,0,5.645,31,10.7748,cn,"Comedy, Science Fiction"
Three,2005-11-16,95,9000000,0,5.6,269,10.7077,en,"Adventure, Drama, Thriller"
The Lion Woman,2016-08-26,126,0,0,6.8,128,9.4222,no,Drama
Casino Royale,2006-11-14,144,150000000,599045960,7.567,11277,10.9681,en,"Adventure, Action, Thriller"
Rampage at Apache Wells,1965-08-25,89,0,0,6.3,77,9.9424,de,"Adventure, Western"
Encanto,2021-10-13,102,150000000,261292688,7.579,9932,10.8642,en,"Animation, Comedy, Family, Fantasy"
Love+War,2025-10-24,95,0,0,5.8,5,10.1989,en,"Documentary, War"
Henry Danger: The Movie,2025-01-17,86,0,0,7.713,244,9.7359,en,"Action, Comedy, Family, Science Fiction"
The Princess Bride,1987-09-25,99,16000000,30900000,7.7,4880,11.1514,en,"Adventure, Family, Fantasy, Comedy, Romance"
Dead Souls,2012-10-11,93,0,0,4.7,60,9.8123,en,Horror
Once Upon a Time... in Hollywood,2019-07-24,162,95000000,392105159,7.426,14307,10.389,en,"Comedy, Drama, Thriller"
Carnage Park,2016-07-01,81,0,0,5.258,132,10.2093,en,"Action, Crime, Horror, Thriller"
The Last Samurai,2003-12-05,154,140000000,456800000,7.597,7265,10.6196,en,"Drama, Action, War"
Wrath of Man,2021-04-22,119,40000000,103966489,7.592,5824,11.0602,en,"Thriller, Crime, Drama"
The Mask,1994-07-29,101,23000000,351583407,6.973,10848,10.962,en,"Romance, Comedy, Crime, Fantasy"
How To Drag A Body,,15,90000,0,0.0,0,10.956,en,
Mister Frost,1990-04-10,104,0,0,6.1,44,9.5876,en,"Horror, Thriller, Drama"
The Secret Life of Pets 2,2019-05-24,86,80000000,429434163,6.948,3233,10.859,en,"Family, Comedy, Adventure, Animation"
The Teckman Mystery,1954-10-27,90,0,0,5.9,17,16.8068,en,Mystery
Haul Out the Holly,2022-11-26,84,0,0,6.045,78,11.608,en,"TV Movie, Comedy, Drama, Romance"
Venom: Let There Be Carnage,2021-09-30,97,110000000,506863592,6.76,10875,10.7415,en,"Science Fiction, Action, Adventure"
Heartbreak Ridge,1986-12-05,130,15000000,42700000,6.883,1074,10.2904,en,"War, Drama"
Dr. No,1962-10-07,110,1000000,59000000,6.989,3875,10.591,en,"Adventure, Action, Thriller"
2012,2009-10-10,158,200000000,791217826,5.864,12407,10.6476,en,"Action, Adventure, Science Fiction"
ONE SHOT with Ed Sheeran,2025-11-20,61,0,0,5.8,5,10.2063,en,Music
Yakushima's Illusion,2026-02-25,122,0,0,0.0,0,10.4398,ja,Drama
(500) Days of Summer,2009-07-17,95,7500000,60781545,7.298,10692,10.2838,en,"Comedy, Drama, Romance"
(500) Days of Summer,2009-07-17,95,7500000,60781545,7.298,10692,10.2838,en,"Comedy, Drama, Romance"
Instant Family,2018-11-13,118,48000000,121000000,7.506,3130,10.0125,en,"Comedy, Drama"
One Flew Over the Cuckoo's Nest,1975-11-19,133,3000000,108981275,8.413,11057,10.936,en,Drama
The Stolen,2017-10-29,98,4000000,27741,5.461,76,10.2743,en,"Western, Action, Adventure, Drama"
A Cinderella Christmas Ball,2024-11-29,86,0,0,5.682,11,10.9074,en,"Romance, Comedy"
Apocalypto,2006-12-07,139,40000000,120654337,7.591,5951,9.6686,en,"Action, Drama, History"
Shrek Forever After,2010-05-20,93,165000000,752600867,6.391,7725,11.0149,en,"Comedy, Adventure, Fantasy, Animation, Family"
Sangre del Toro,2025-08-29,85,650000,0,6.0,1,10.2677,en,Documentary
Angel Has Fallen,2019-08-21,122,40000000,146661977,6.599,3732,7.8763,en,"Action, Thriller"
The Paramedic,1982-02-07,110,0,0,4.0,14,11.6468,it,Comedy
I'm Back,2018-02-01,92,0,2803609,5.946,574,9.893,it,Comedy
Christmas in the Spotlight,2024-11-23,90,0,0,7.3,20,10.9775,en,"Romance, TV Movie"
Fall for Me,2025-08-20,103,0,0,6.167,159,11.1451,de,"Romance, Thriller"
The Keeper,1976-01-01,88,0,0,4.2,8,11.3463,en,"Mystery, Horror, Drama"
Surviving Christmas,2004-09-21,91,45000000,14793624,5.7,563,10.0866,en,"Comedy, Romance"
Ghosted,2023-04-18,117,40000000,0,6.912,2050,9.758,en,"Action, Comedy, Romance"
Shrek the Third,2007-05-17,93,160000000,813367380,6.299,9485,10.5541,en,"Fantasy, Adventure, Animation, Comedy, Family"
Brasserie Romance,2012-12-18,102,0,0,6.1,11,9.1452,nl,"Comedy, Drama"
A Christmas Carol,2009-11-04,96,200000000,325286646,6.897,4770,10.4855,en,"Animation, Family, Fantasy, Drama"
Carnaval Atlântida,1952-02-05,95,0,0,7.3,6,9.7961,pt,"Comedy, Music, Romance"
Batman v Superman: Dawn of Justice,2016-03-23,152,250000000,874362803,5.987,18609,11.5632,en,"Action, Adventure, Fantasy"
Godzilla Minus One,2023-11-03,124,15000000,113676322,7.592,2887,11.6657,ja,"Science Fiction, Horror, Action"
Sugar Baby,2024-10-15,88,0,0,6.3,19,10.7287,en,"Thriller, Comedy"
The Marksman,2021-01-15,108,23000000,23076711,6.8,1686,10.3935,en,"Action, Drama, Thriller"
The Count of Monte Cristo,2024-06-28,178,46000000,75360860,7.953,1830,10.368,fr,"Adventure, Action, Drama"
Black Tea,2024-02-28,111,0,0,5.9,47,10.2277,zh,"Romance, Drama"
The Matrix Resurrections,2021-12-16,147,190000000,156497322,6.36,6187,11.1106,en,"Science Fiction, Action, Adventure"
Where's Firuze?,2004-02-20,132,0,0,7.2,88,11.3404,tr,"Comedy, Drama, Music"
Deadly Target,1994-01-01,100,0,0,6.1,17,10.0212,en,"Action, Adventure, Thriller"
And Breathe Normally,2018-08-17,95,0,0,6.7,108,11.0716,is,Drama
Around the World in 80 Days,1956-10-17,182,6000000,42000000,6.6,543,12.6195,en,"Adventure, Comedy, Family, Fantasy, Romance"
Rule 34,2023-01-19,101,0,0,5.31,21,9.2679,pt,Drama
Human Animals,2020-12-12,89,0,0,6.778,72,10.3391,es,"Drama, Thriller"
Love Object,2004-02-13,88,1000000,0,5.9,77,10.7762,en,"Drama, Horror, Romance, Thriller"
The Fence,2022-09-02,94,0,0,6.9,11,10.9207,en,"Drama, Comedy"
The Jackal,1997-11-14,124,60000000,159300000,6.383,2019,10.1029,en,"Action, Thriller, Adventure, Crime"
The Northman,2022-04-07,137,70000000,69633110,7.037,4787,10.4181,en,"Action, Adventure, Fantasy"
"Sorry, Baby",2025-06-27,103,1500000,2279895,6.779,140,11.1057,en,"Drama, Comedy"
Rigodon,2012-11-21,85,22361,31307,5.7,16,10.0152,tl,"Thriller, Drama, Mystery"
Desolation,2017-12-15,78,0,0,4.75,28,10.6596,en,"Horror, Drama, Thriller"
The Supper,1992-12-23,90,0,0,6.654,39,9.2769,fr,"Drama, History"
Arrival,2016-11-10,116,47000000,203388186,7.623,18740,8.8225,en,"Drama, Science Fiction, Mystery"
Wrong Turn,2003-05-30,84,12600000,28650575,6.372,2882,10.6897,en,"Horror, Thriller"
The Mother,2013-08-15,107,0,0,4.5,1,9.5538,th,Drama
Behind You,2020-07-30,86,0,438694,4.535,43,11.4302,en,Horror
Mission Blue,2014-01-30,94,0,0,7.42,44,9.8954,en,Documentary
Goldfish Memory,2003-03-20,85,1200000,0,5.661,28,9.8639,en,"Comedy, Drama, Romance"
Amor Bandido,2021-03-18,80,0,0,6.6,117,9.9463,es,"Thriller, Romance, Drama"
The Tuxedo,2002-09-27,98,60000000,104400000,5.729,2076,9.6902,en,"Thriller, Action, Comedy, Science Fiction"
Kill Kane,2016-03-01,74,0,0,3.9,18,9.6807,en,"Thriller, Crime, Action"
For the Love of Chocolate,2021-10-27,85,0,0,6.2,13,10.5933,en,"TV Movie, Comedy, Romance, Family"
The Illusionist,2006-08-18,110,16500000,87892388,7.295,5140,10.2128,en,"Fantasy, Drama, Thriller, Romance"
The Cave of the Golden Rose 4,1994-12-19,200,0,0,6.2,90,11.0972,it,"Adventure, Family, Fantasy, Romance"
Keizoku: Unsolved Mysteries - Beautiful Dreamer,2000-03-01,119,0,0,6.2,16,9.6423,ja,"Drama, Mystery, Crime, Thriller"
My Hero Academia: Heroes Rising,2019-12-20,104,0,30017163,8.1,1236,11.4261,ja,"Animation, Action, Fantasy, Adventure"
An Advent Concert of Music by Bach,2003-10-14,0,0,0,0.0,0,5.1115,en,
Girl Play,2004-07-11,80,1000000,11522,5.726,31,10.1632,en,"Comedy, Romance"
Killing Birds,1988-08-19,92,0,0,3.5,50,10.9593,it,Horror
All Hands on Deck!,2021-07-08,95,0,0,7.0,89,10.5337,fr,Comedy
Alarum,2025-01-16,95,20000000,0,5.688,373,9.4787,en,"Action, Crime, Thriller"
Alarum,2025-01-16,95,20000000,0,5.688,373,9.4787,en,"Action, Crime, Thriller"
Indiana Jones and the Dial of Destiny,2023-06-25,155,294700000,383963057,6.531,3873,10.2515,en,"Adventure, Action"
We're the Millers,2013-08-07,110,37000000,270000000,6.839,9225,9.3635,en,"Comedy, Crime"
L'ennui,1998-11-14,122,0,0,5.2,52,9.3964,fr,"Drama, Romance"
Hacksaw Ridge,2016-10-07,139,40000000,175302354,8.192,14428,11.6002,en,"Drama, History, War"
Mr. & Mrs. Smith,2005-06-07,120,110000000,487287646,6.687,10892,9.4389,en,"Action, Comedy, Drama, Thriller"
Schindler's List,1993-12-15,195,22000000,321365567,8.566,16879,10.8818,en,"Drama, History, War"
Napoleon,2023-11-22,158,165000000,220597098,6.317,2909,8.9663,en,"History, War, Romance"
The Pickup,2025-07-27,94,0,0,6.454,402,10.0147,en,"Action, Comedy, Crime"
Kromoleo: The Haunting,2024-08-22,80,0,0,4.2,12,10.4309,id,"Horror, Thriller"
Kill Switch,2008-10-06,92,10000000,0,4.521,118,9.6025,en,"Action, Thriller, Crime, Adventure"
SuperKlaus,2024-11-01,88,0,0,7.1,7,10.7098,en,"Animation, Comedy, Family, Adventure"
Lovely,2012-03-30,148,0,0,5.8,7,24.0848,te,Romance
Sonic the Hedgehog 2,2022-03-30,123,110000000,405421518,7.445,5696,10.2582,en,"Action, Adventure, Family, Comedy"
The Flash,2023-06-13,144,220000000,271333313,6.622,4765,10.7858,en,"Action, Science Fiction, Adventure"
The Legion,2020-05-08,96,0,0,5.985,133,9.5366,en,"Adventure, History, Action"
Night at the Museum: Secret of the Tomb,2014-12-17,98,127000000,363204635,6.219,6074,10.6545,en,"Adventure, Comedy, Fantasy, Family"
Aliens,1986-07-18,137,18500000,183316455,7.955,10444,10.0136,en,"Action, Thriller, Science Fiction"
Matria,2017-10-24,21,0,0,5.7,6,11.3279,gl,Drama
Escape Room,2019-01-03,99,9000000,155712077,6.542,4904,10.56,en,"Horror, Thriller, Mystery"
Salvageland,2025-11-26,91,0,0,0.0,0,7.7881,tl,"Western, Thriller"
Firebreather,2010-11-24,70,0,0,7.385,218,9.6616,en,"Fantasy, Animation, Action, Thriller, Family"
Kill Bill: Vol. 1,2003-10-10,111,30000000,180906076,7.969,18308,10.5617,en,"Action, Crime"
Shut In,2022-03-24,90,0,304106,6.804,378,10.0264,en,"Thriller, Horror, Drama"
Bhairavam,2025-05-30,155,0,0,3.0,1,8.8691,te,"Action, Crime, Thriller"
Zero Kelvin,1995-09-29,118,2535000,0,6.444,45,10.3845,no,"Drama, Thriller"
Lucy,2014-07-25,89,40000000,469058574,6.47,16687,9.6101,en,"Action, Science Fiction"
Ninja Assassin,2009-09-29,99,40000000,61601280,6.7,1681,10.355,en,"Action, Adventure, Thriller"
The Dorm,2014-10-26,80,0,0,4.3,27,11.1592,en,"Horror, Thriller, TV Movie, Mystery"
Policeman and Me,2017-03-25,124,0,0,7.1,44,10.0134,ja,Comedy
Hero,2002-07-22,99,31000000,177394432,7.503,2388,9.7735,zh,"Drama, Adventure, Action, History"
Over the Top,1987-02-13,94,25000000,16057580,6.446,1794,9.2077,en,"Action, Drama"
Kites,2010-05-21,123,0,0,7.206,218,10.5446,hi,"Drama, Action, Romance"
Rocky,1976-11-20,120,1000000,225253184,7.792,8317,10.456,en,Drama
The Prank,2024-03-15,90,0,0,5.571,14,9.5636,en,"Comedy, Thriller, Crime, Horror"
The Grüninger File,2014-01-30,100,0,0,6.2,16,10.5172,de,"History, Drama"
Permanent Vacation,1981-03-06,75,12000,0,5.9,204,10.1967,en,Drama
The Immigrant,1917-06-17,24,0,0,7.3,300,9.1448,en,"Comedy, Romance"
Hoppers,2026-03-04,0,0,0,0.0,0,11.1795,en,"Family, Comedy, Animation, Science Fiction"
Seventh Son,2014-12-12,102,95000000,114178613,5.5,2579,10.4227,en,"Adventure, Fantasy"
Kokomo City,2023-07-28,73,0,0,6.738,21,10.5296,en,Documentary
The Balloonatic,1923-01-22,22,0,0,6.2,95,9.7934,en,"Comedy, Romance"
The Animatrix,2003-05-09,102,5000000,68000000,7.199,1689,9.7939,en,"Animation, Science Fiction"
Captain America: Civil War,2016-04-27,147,250000000,1155046416,7.448,23534,10.1827,en,"Adventure, Action, Science Fiction"
The Bobo,1967-03-31,105,0,0,6.0,5,10.4101,en,Comedy
Frost Giant,2010-08-20,88,0,0,5.3,40,9.2306,en,"Action, Science Fiction, Thriller"
The Equalizer 3,2023-08-30,109,70000000,191067560,7.297,3482,9.1359,en,"Action, Thriller, Crime"
World War Z,2013-06-19,116,200000000,531865000,6.825,16081,10.0037,en,"Action, Horror, Science Fiction, Thriller"
The Rocker,2008-08-20,102,15000000,8762890,6.046,611,10.5646,en,"Comedy, Music"
Blood Stalkers,1976-11-01,90,0,0,4.0,9,10.2048,en,Horror
Fear PHarm,2020-09-11,79,0,0,5.3,40,10.1695,en,Horror
Disrupted,2013-03-08,95,0,0,6.636,11,9.1669,es,Documentary
The Parent Trap,1998-07-28,128,15000000,92108518,7.2,4388,9.457,en,"Comedy, Family, Romance"
Gattaca,1997-09-07,107,36000000,12532777,7.561,6681,10.2026,en,"Thriller, Science Fiction, Mystery, Romance"
The Handmaiden,2016-06-01,145,8575000,38600000,8.2,4099,10.161,ko,"Thriller, Drama, Romance"
Faust,1994-09-10,97,0,0,7.451,72,9.8782,cs,"Animation, Fantasy"
Summertime Blues: Lemon Popsicle VIII,1988-08-18,85,0,0,5.7,30,10.2106,he,"Comedy, Romance"
Maleficent: Mistress of Evil,2019-10-16,119,185000000,491730089,7.302,6339,9.1264,en,"Family, Fantasy, Adventure"
Hamnet,2025-11-26,126,0,0,10.0,1,10.3288,en,"Drama, Romance"
Mother's Job,2017-07-27,79,0,0,5.8,15,10.0599,ko,Drama
Hamnet,2025-11-26,126,0,0,10.0,1,10.3288,en,"Drama, Romance"
Mother's Job,2017-07-27,79,0,0,5.8,15,10.0599,ko,Drama
Kamen Rider W Returns: Kamen Rider Eternal,2011-07-21,71,0,0,6.6,110,9.4459,ja,"Action, Adventure, Science Fiction"
Foreign Exchange,2008-09-09,85,1000000,0,4.4,35,9.266,en,Comedy
Southpaw,2015-03-24,123,30000000,91709827,7.363,5662,10.2843,en,"Action, Drama"
Deadly Betrayal,2003-11-25,92,0,0,4.0,12,9.26,en,"Thriller, Drama, Romance, TV Movie"
Tears of the Sun,2003-03-07,121,75000000,86500000,6.889,2504,10.0028,en,"War, Action, Drama"
All Ladies Do It,1992-02-21,93,0,0,5.0,407,7.8172,it,"Comedy, Drama"
The Christmas Chronicles,2018-11-22,104,0,0,7.1,2293,8.9107,en,"Comedy, Adventure, Family, Fantasy"
Deadly Heroes,1993-10-01,105,0,0,3.875,8,9.4278,en,"Drama, Action"
Irreversible,2002-05-22,94,3500000,6500000,7.182,3136,10.1082,fr,"Drama, Thriller, Crime"
You Had to Be There: How the Toronto Godspell Ignited the Comedy Revolution...,2025-09-06,98,0,0,0.0,0,9.7296,en,Documentary
Ricky Stanicky,2024-03-07,112,0,0,6.531,724,9.4037,en,Comedy
The Beast,1988-09-14,111,0,0,7.003,196,10.5491,en,"War, Drama"
Legacy,2020-03-06,105,0,0,6.111,9,10.4145,ro,Thriller
Star Wars: Episode III - Revenge of the Sith,2005-05-17,140,113000000,850000000,7.456,14484,10.6336,en,"Adventure, Action, Science Fiction"
Hot Fuzz,2007-02-14,121,12000000,80600000,7.562,8013,9.7948,en,"Crime, Action, Comedy"
The Currents,2026-03-11,104,0,0,0.0,0,10.4537,es,Drama
Shivam,2015-10-02,148,0,0,4.75,8,10.7646,te,"Action, Comedy, Romance"
White Reindeer,2013-12-06,82,0,0,4.948,29,10.0316,en,Comedy
